-- MySQL dump 10.13  Distrib 5.5.31, for debian-linux-gnu (x86_64)
--
-- Host: localhost    Database: subsdb
-- ------------------------------------------------------
-- Server version	5.5.31-0+wheezy1

/*!40101 SET @OLD_CHARACTER_SET_CLIENT=@@CHARACTER_SET_CLIENT */;
/*!40101 SET @OLD_CHARACTER_SET_RESULTS=@@CHARACTER_SET_RESULTS */;
/*!40101 SET @OLD_COLLATION_CONNECTION=@@COLLATION_CONNECTION */;
/*!40101 SET NAMES utf8 */;
/*!40103 SET @OLD_TIME_ZONE=@@TIME_ZONE */;
/*!40103 SET TIME_ZONE='+00:00' */;
/*!40014 SET @OLD_UNIQUE_CHECKS=@@UNIQUE_CHECKS, UNIQUE_CHECKS=0 */;
/*!40014 SET @OLD_FOREIGN_KEY_CHECKS=@@FOREIGN_KEY_CHECKS, FOREIGN_KEY_CHECKS=0 */;
/*!40101 SET @OLD_SQL_MODE=@@SQL_MODE, SQL_MODE='NO_AUTO_VALUE_ON_ZERO' */;
/*!40111 SET @OLD_SQL_NOTES=@@SQL_NOTES, SQL_NOTES=0 */;

--
-- Table structure for table `admin_tools_dashboard_preferences`
--

DROP TABLE IF EXISTS `admin_tools_dashboard_preferences`;
/*!40101 SET @saved_cs_client     = @@character_set_client */;
/*!40101 SET character_set_client = utf8 */;
CREATE TABLE `admin_tools_dashboard_preferences` (
  `id` int(11) NOT NULL AUTO_INCREMENT,
  `user_id` int(11) NOT NULL,
  `data` longtext NOT NULL,
  `dashboard_id` varchar(100) NOT NULL,
  PRIMARY KEY (`id`),
  UNIQUE KEY `user_id` (`user_id`,`dashboard_id`),
  KEY `admin_tools_dashboard_preferences_fbfc09f1` (`user_id`),
  CONSTRAINT `user_id_refs_id_f8487376` FOREIGN KEY (`user_id`) REFERENCES `auth_user` (`id`)
) ENGINE=InnoDB AUTO_INCREMENT=4 DEFAULT CHARSET=utf8;
/*!40101 SET character_set_client = @saved_cs_client */;

--
-- Dumping data for table `admin_tools_dashboard_preferences`
--

LOCK TABLES `admin_tools_dashboard_preferences` WRITE;
/*!40000 ALTER TABLE `admin_tools_dashboard_preferences` DISABLE KEYS */;
INSERT INTO `admin_tools_dashboard_preferences` VALUES (1,1,'{}','sender-dashboard'),(2,1,'{}','dashboard'),(3,2,'{}','dashboard');
/*!40000 ALTER TABLE `admin_tools_dashboard_preferences` ENABLE KEYS */;
UNLOCK TABLES;

--
-- Table structure for table `admin_tools_menu_bookmark`
--

DROP TABLE IF EXISTS `admin_tools_menu_bookmark`;
/*!40101 SET @saved_cs_client     = @@character_set_client */;
/*!40101 SET character_set_client = utf8 */;
CREATE TABLE `admin_tools_menu_bookmark` (
  `id` int(11) NOT NULL AUTO_INCREMENT,
  `user_id` int(11) NOT NULL,
  `url` varchar(255) NOT NULL,
  `title` varchar(255) NOT NULL,
  PRIMARY KEY (`id`),
  KEY `admin_tools_menu_bookmark_fbfc09f1` (`user_id`),
  CONSTRAINT `user_id_refs_id_63b2844f` FOREIGN KEY (`user_id`) REFERENCES `auth_user` (`id`)
) ENGINE=InnoDB DEFAULT CHARSET=utf8;
/*!40101 SET character_set_client = @saved_cs_client */;

--
-- Dumping data for table `admin_tools_menu_bookmark`
--

LOCK TABLES `admin_tools_menu_bookmark` WRITE;
/*!40000 ALTER TABLE `admin_tools_menu_bookmark` DISABLE KEYS */;
/*!40000 ALTER TABLE `admin_tools_menu_bookmark` ENABLE KEYS */;
UNLOCK TABLES;

--
-- Table structure for table `auth_group`
--

DROP TABLE IF EXISTS `auth_group`;
/*!40101 SET @saved_cs_client     = @@character_set_client */;
/*!40101 SET character_set_client = utf8 */;
CREATE TABLE `auth_group` (
  `id` int(11) NOT NULL AUTO_INCREMENT,
  `name` varchar(80) NOT NULL,
  PRIMARY KEY (`id`),
  UNIQUE KEY `name` (`name`)
) ENGINE=InnoDB DEFAULT CHARSET=utf8;
/*!40101 SET character_set_client = @saved_cs_client */;

--
-- Dumping data for table `auth_group`
--

LOCK TABLES `auth_group` WRITE;
/*!40000 ALTER TABLE `auth_group` DISABLE KEYS */;
/*!40000 ALTER TABLE `auth_group` ENABLE KEYS */;
UNLOCK TABLES;

--
-- Table structure for table `auth_group_permissions`
--

DROP TABLE IF EXISTS `auth_group_permissions`;
/*!40101 SET @saved_cs_client     = @@character_set_client */;
/*!40101 SET character_set_client = utf8 */;
CREATE TABLE `auth_group_permissions` (
  `id` int(11) NOT NULL AUTO_INCREMENT,
  `group_id` int(11) NOT NULL,
  `permission_id` int(11) NOT NULL,
  PRIMARY KEY (`id`),
  UNIQUE KEY `group_id` (`group_id`,`permission_id`),
  KEY `auth_group_permissions_bda51c3c` (`group_id`),
  KEY `auth_group_permissions_1e014c8f` (`permission_id`),
  CONSTRAINT `group_id_refs_id_3cea63fe` FOREIGN KEY (`group_id`) REFERENCES `auth_group` (`id`),
  CONSTRAINT `permission_id_refs_id_a7792de1` FOREIGN KEY (`permission_id`) REFERENCES `auth_permission` (`id`)
) ENGINE=InnoDB DEFAULT CHARSET=utf8;
/*!40101 SET character_set_client = @saved_cs_client */;

--
-- Dumping data for table `auth_group_permissions`
--

LOCK TABLES `auth_group_permissions` WRITE;
/*!40000 ALTER TABLE `auth_group_permissions` DISABLE KEYS */;
/*!40000 ALTER TABLE `auth_group_permissions` ENABLE KEYS */;
UNLOCK TABLES;

--
-- Table structure for table `auth_permission`
--

DROP TABLE IF EXISTS `auth_permission`;
/*!40101 SET @saved_cs_client     = @@character_set_client */;
/*!40101 SET character_set_client = utf8 */;
CREATE TABLE `auth_permission` (
  `id` int(11) NOT NULL AUTO_INCREMENT,
  `name` varchar(50) NOT NULL,
  `content_type_id` int(11) NOT NULL,
  `codename` varchar(100) NOT NULL,
  PRIMARY KEY (`id`),
  UNIQUE KEY `content_type_id` (`content_type_id`,`codename`),
  KEY `auth_permission_e4470c6e` (`content_type_id`),
  CONSTRAINT `content_type_id_refs_id_728de91f` FOREIGN KEY (`content_type_id`) REFERENCES `django_content_type` (`id`)
) ENGINE=InnoDB AUTO_INCREMENT=40 DEFAULT CHARSET=utf8;
/*!40101 SET character_set_client = @saved_cs_client */;

--
-- Dumping data for table `auth_permission`
--

LOCK TABLES `auth_permission` WRITE;
/*!40000 ALTER TABLE `auth_permission` DISABLE KEYS */;
INSERT INTO `auth_permission` VALUES (1,'Can add bookmark',1,'add_bookmark'),(2,'Can change bookmark',1,'change_bookmark'),(3,'Can delete bookmark',1,'delete_bookmark'),(4,'Can add dashboard preferences',2,'add_dashboardpreferences'),(5,'Can change dashboard preferences',2,'change_dashboardpreferences'),(6,'Can delete dashboard preferences',2,'delete_dashboardpreferences'),(7,'Can add permission',3,'add_permission'),(8,'Can change permission',3,'change_permission'),(9,'Can delete permission',3,'delete_permission'),(10,'Can add group',4,'add_group'),(11,'Can change group',4,'change_group'),(12,'Can delete group',4,'delete_group'),(13,'Can add user',5,'add_user'),(14,'Can change user',5,'change_user'),(15,'Can delete user',5,'delete_user'),(16,'Can add content type',6,'add_contenttype'),(17,'Can change content type',6,'change_contenttype'),(18,'Can delete content type',6,'delete_contenttype'),(19,'Can add session',7,'add_session'),(20,'Can change session',7,'change_session'),(21,'Can delete session',7,'delete_session'),(22,'Can add site',8,'add_site'),(23,'Can change site',8,'change_site'),(24,'Can delete site',8,'delete_site'),(25,'Can add log entry',9,'add_logentry'),(26,'Can change log entry',9,'change_logentry'),(27,'Can delete log entry',9,'delete_logentry'),(28,'Can add flat page',10,'add_flatpage'),(29,'Can change flat page',10,'change_flatpage'),(30,'Can delete flat page',10,'delete_flatpage'),(31,'Can add Рассылка',11,'add_mailing'),(32,'Can change Рассылка',11,'change_mailing'),(33,'Can delete Рассылка',11,'delete_mailing'),(34,'Can add Подписчик',12,'add_subscriber'),(35,'Can change Подписчик',12,'change_subscriber'),(36,'Can delete Подписчик',12,'delete_subscriber'),(37,'Can add Очередь сообщений',13,'add_smstask'),(38,'Can change Очередь сообщений',13,'change_smstask'),(39,'Can delete Очередь сообщений',13,'delete_smstask');
/*!40000 ALTER TABLE `auth_permission` ENABLE KEYS */;
UNLOCK TABLES;

--
-- Table structure for table `auth_user`
--

DROP TABLE IF EXISTS `auth_user`;
/*!40101 SET @saved_cs_client     = @@character_set_client */;
/*!40101 SET character_set_client = utf8 */;
CREATE TABLE `auth_user` (
  `id` int(11) NOT NULL AUTO_INCREMENT,
  `username` varchar(30) NOT NULL,
  `first_name` varchar(30) NOT NULL,
  `last_name` varchar(30) NOT NULL,
  `email` varchar(75) NOT NULL,
  `password` varchar(128) NOT NULL,
  `is_staff` tinyint(1) NOT NULL,
  `is_active` tinyint(1) NOT NULL,
  `is_superuser` tinyint(1) NOT NULL,
  `last_login` datetime NOT NULL,
  `date_joined` datetime NOT NULL,
  PRIMARY KEY (`id`),
  UNIQUE KEY `username` (`username`)
) ENGINE=InnoDB AUTO_INCREMENT=3 DEFAULT CHARSET=utf8;
/*!40101 SET character_set_client = @saved_cs_client */;

--
-- Dumping data for table `auth_user`
--

LOCK TABLES `auth_user` WRITE;
/*!40000 ALTER TABLE `auth_user` DISABLE KEYS */;
INSERT INTO `auth_user` VALUES (1,'pandozer','','','as@as.as','pbkdf2_sha256$10000$4OH0W6P5hkAt$KG1gSDMnQkl0GqCH0kVuvn0/vEy/Td02rMEUq/EhJG0=',1,1,1,'2013-11-12 01:15:46','2013-11-10 02:06:45'),(2,'alex','Алексей','','am.studio.irk@gmail.com','pbkdf2_sha256$10000$5WjvxdTOvMgB$YgCo75oqJUAYsIue6pwYuKlz3odFu6XgZq646RhS2DY=',1,1,1,'2013-11-16 23:54:07','2013-11-12 01:17:01');
/*!40000 ALTER TABLE `auth_user` ENABLE KEYS */;
UNLOCK TABLES;

--
-- Table structure for table `auth_user_groups`
--

DROP TABLE IF EXISTS `auth_user_groups`;
/*!40101 SET @saved_cs_client     = @@character_set_client */;
/*!40101 SET character_set_client = utf8 */;
CREATE TABLE `auth_user_groups` (
  `id` int(11) NOT NULL AUTO_INCREMENT,
  `user_id` int(11) NOT NULL,
  `group_id` int(11) NOT NULL,
  PRIMARY KEY (`id`),
  UNIQUE KEY `user_id` (`user_id`,`group_id`),
  KEY `auth_user_groups_fbfc09f1` (`user_id`),
  KEY `auth_user_groups_bda51c3c` (`group_id`),
  CONSTRAINT `group_id_refs_id_f0ee9890` FOREIGN KEY (`group_id`) REFERENCES `auth_group` (`id`),
  CONSTRAINT `user_id_refs_id_831107f1` FOREIGN KEY (`user_id`) REFERENCES `auth_user` (`id`)
) ENGINE=InnoDB DEFAULT CHARSET=utf8;
/*!40101 SET character_set_client = @saved_cs_client */;

--
-- Dumping data for table `auth_user_groups`
--

LOCK TABLES `auth_user_groups` WRITE;
/*!40000 ALTER TABLE `auth_user_groups` DISABLE KEYS */;
/*!40000 ALTER TABLE `auth_user_groups` ENABLE KEYS */;
UNLOCK TABLES;

--
-- Table structure for table `auth_user_user_permissions`
--

DROP TABLE IF EXISTS `auth_user_user_permissions`;
/*!40101 SET @saved_cs_client     = @@character_set_client */;
/*!40101 SET character_set_client = utf8 */;
CREATE TABLE `auth_user_user_permissions` (
  `id` int(11) NOT NULL AUTO_INCREMENT,
  `user_id` int(11) NOT NULL,
  `permission_id` int(11) NOT NULL,
  PRIMARY KEY (`id`),
  UNIQUE KEY `user_id` (`user_id`,`permission_id`),
  KEY `auth_user_user_permissions_fbfc09f1` (`user_id`),
  KEY `auth_user_user_permissions_1e014c8f` (`permission_id`),
  CONSTRAINT `permission_id_refs_id_67e79cb` FOREIGN KEY (`permission_id`) REFERENCES `auth_permission` (`id`),
  CONSTRAINT `user_id_refs_id_f2045483` FOREIGN KEY (`user_id`) REFERENCES `auth_user` (`id`)
) ENGINE=InnoDB DEFAULT CHARSET=utf8;
/*!40101 SET character_set_client = @saved_cs_client */;

--
-- Dumping data for table `auth_user_user_permissions`
--

LOCK TABLES `auth_user_user_permissions` WRITE;
/*!40000 ALTER TABLE `auth_user_user_permissions` DISABLE KEYS */;
/*!40000 ALTER TABLE `auth_user_user_permissions` ENABLE KEYS */;
UNLOCK TABLES;

--
-- Table structure for table `django_admin_log`
--

DROP TABLE IF EXISTS `django_admin_log`;
/*!40101 SET @saved_cs_client     = @@character_set_client */;
/*!40101 SET character_set_client = utf8 */;
CREATE TABLE `django_admin_log` (
  `id` int(11) NOT NULL AUTO_INCREMENT,
  `action_time` datetime NOT NULL,
  `user_id` int(11) NOT NULL,
  `content_type_id` int(11) DEFAULT NULL,
  `object_id` longtext,
  `object_repr` varchar(200) NOT NULL,
  `action_flag` smallint(5) unsigned NOT NULL,
  `change_message` longtext NOT NULL,
  PRIMARY KEY (`id`),
  KEY `django_admin_log_fbfc09f1` (`user_id`),
  KEY `django_admin_log_e4470c6e` (`content_type_id`),
  CONSTRAINT `content_type_id_refs_id_288599e6` FOREIGN KEY (`content_type_id`) REFERENCES `django_content_type` (`id`),
  CONSTRAINT `user_id_refs_id_c8665aa` FOREIGN KEY (`user_id`) REFERENCES `auth_user` (`id`)
) ENGINE=InnoDB AUTO_INCREMENT=703 DEFAULT CHARSET=utf8;
/*!40101 SET character_set_client = @saved_cs_client */;

--
-- Dumping data for table `django_admin_log`
--

LOCK TABLES `django_admin_log` WRITE;
/*!40000 ALTER TABLE `django_admin_log` DISABLE KEYS */;
INSERT INTO `django_admin_log` VALUES (1,'2013-11-10 02:11:33',1,11,'6','\"Аларский р-н, п.Табарсук\"',3,''),(2,'2013-11-10 02:11:33',1,11,'7','Аларь',3,''),(3,'2013-11-10 02:11:33',1,11,'3','Александровск',3,''),(4,'2013-11-10 02:11:33',1,11,'8','Аляты',3,''),(5,'2013-11-10 02:11:33',1,11,'15','Ангарск',3,''),(6,'2013-11-10 02:11:33',1,11,'9','Апхульта',3,''),(7,'2013-11-10 02:11:33',1,11,'44','Артёмовск',3,''),(8,'2013-11-10 02:11:33',1,11,'21','Бабушкин',3,''),(9,'2013-11-10 02:11:34',1,11,'31','Багдарин',3,''),(10,'2013-11-10 02:11:34',1,11,'22','Байкальск',3,''),(11,'2013-11-10 02:11:34',1,11,'23','Балаганск',3,''),(12,'2013-11-10 02:11:34',1,11,'45','Балахнинский',3,''),(13,'2013-11-10 02:11:34',1,11,'26','Баргузин',3,''),(14,'2013-11-10 02:11:34',1,11,'24','Бахтай',3,''),(15,'2013-11-10 02:11:34',1,11,'29','Баянгол',3,''),(16,'2013-11-10 02:11:34',1,11,'32','Баяндай',3,''),(17,'2013-11-10 02:11:34',1,11,'39','Бирюсинск',3,''),(18,'2013-11-10 02:11:34',1,11,'41','Бичура',3,''),(19,'2013-11-10 02:11:34',1,11,'50','Бодайбо',3,''),(20,'2013-11-10 02:11:34',1,11,'10','Головинская',3,''),(21,'2013-11-10 02:11:34',1,11,'4','Забитуй',3,''),(22,'2013-11-10 02:11:34',1,11,'37','Загатуй',3,''),(23,'2013-11-10 02:11:34',1,11,'25','Заславск',3,''),(24,'2013-11-10 02:11:34',1,11,'16','Зверево',3,''),(25,'2013-11-10 02:11:34',1,11,'11','Зоны',3,''),(26,'2013-11-10 02:11:34',1,11,'12','Иваническое',3,''),(27,'2013-11-10 02:11:34',1,11,'13','Идеал',3,''),(28,'2013-11-10 02:11:34',1,11,'35','Каменка',3,''),(29,'2013-11-10 02:11:34',1,11,'46','Кропоткин',3,''),(30,'2013-11-10 02:11:34',1,11,'5','Кутулик',3,''),(31,'2013-11-10 02:11:34',1,11,'33','Люры',3,''),(32,'2013-11-10 02:11:34',1,11,'17','Майск',3,''),(33,'2013-11-10 02:11:34',1,11,'28','Максимиха',3,''),(34,'2013-11-10 02:11:34',1,11,'47','Мамакан',3,''),(35,'2013-11-10 02:11:34',1,11,'48','Маракан',3,''),(36,'2013-11-10 02:11:34',1,11,'18','Мегет',3,''),(37,'2013-11-10 02:11:35',1,11,'14','Могоенок',3,''),(38,'2013-11-10 02:11:35',1,11,'42','Мулцугун',3,''),(39,'2013-11-10 02:11:35',1,11,'2','Ныгда',3,''),(40,'2013-11-10 02:11:35',1,11,'43','Окино-Ключи',3,''),(41,'2013-11-10 02:11:35',1,11,'38','Ользоны',3,''),(42,'2013-11-10 02:11:35',1,11,'49','Перевоз',3,''),(43,'2013-11-10 02:11:35',1,11,'34','Половинка',3,''),(44,'2013-11-10 02:11:35',1,11,'40','Потанино',3,''),(45,'2013-11-10 02:11:35',1,11,'1','Прибой',3,''),(46,'2013-11-10 02:11:35',1,11,'19','Савватеевка',3,''),(47,'2013-11-10 02:11:35',1,11,'30','Улюкчикан',3,''),(48,'2013-11-10 02:11:35',1,11,'27','Усть-Баргузин',3,''),(49,'2013-11-10 02:11:35',1,11,'36','Хогот',3,''),(50,'2013-11-10 02:11:35',1,11,'20','Юго-Восточный',3,''),(51,'2013-11-10 02:16:49',1,11,'56','\"Аларский р-н, п.Табарсук\"',3,''),(52,'2013-11-10 02:16:49',1,11,'206','\"Иркутский р-н, д.Никольск\"',3,''),(53,'2013-11-10 02:16:49',1,11,'351','\"Осинский р-н, д.Грязнушка\"',3,''),(54,'2013-11-10 02:16:49',1,11,'358','\"Осинский р-н, с.Мольта\"',3,''),(55,'2013-11-10 02:16:49',1,11,'359','\"Осинский р-н, с.Оса\"',3,''),(56,'2013-11-10 02:16:49',1,11,'360','\"Осинский р-н, с.Унгин\"',3,''),(57,'2013-11-10 02:16:49',1,11,'452','\"Усть-Илимский р-н, п.Тубинский\"',3,''),(58,'2013-11-10 02:16:49',1,11,'487','\"Черемховский р-н, с.Рысево\"',3,''),(59,'2013-11-10 02:16:49',1,11,'57','Аларь',3,''),(60,'2013-11-10 02:16:49',1,11,'415','Алгатуй',3,''),(61,'2013-11-10 02:16:50',1,11,'53','Александровск',3,''),(62,'2013-11-10 02:16:50',1,11,'102','Александровское',3,''),(63,'2013-11-10 02:16:50',1,11,'276','Алексеевск',3,''),(64,'2013-11-10 02:16:50',1,11,'322','Алзамай',3,''),(65,'2013-11-10 02:16:50',1,11,'58','Аляты',3,''),(66,'2013-11-10 02:16:50',1,11,'470','Амгаланта',3,''),(67,'2013-11-10 02:16:50',1,11,'65','Ангарск',3,''),(68,'2013-11-10 02:16:50',1,11,'382','Ангасолка',3,''),(69,'2013-11-10 02:16:50',1,11,'59','Апхульта',3,''),(70,'2013-11-10 02:16:50',1,11,'290','Аргада',3,''),(71,'2013-11-10 02:16:50',1,11,'377','Ардасан',3,''),(72,'2013-11-10 02:16:50',1,11,'139','Армак',3,''),(73,'2013-11-10 02:16:50',1,11,'94','Артёмовск',3,''),(74,'2013-11-10 02:16:50',1,11,'419','Аршан',3,''),(75,'2013-11-10 02:16:50',1,11,'323','Атагай',3,''),(76,'2013-11-10 02:16:50',1,11,'513','Ахины',3,''),(77,'2013-11-10 02:16:50',1,11,'171','Бабагай',3,''),(78,'2013-11-10 02:16:50',1,11,'71','Бабушкин',3,''),(79,'2013-11-10 02:16:50',1,11,'81','Багдарин',3,''),(80,'2013-11-10 02:16:50',1,11,'416','Бадар',3,''),(81,'2013-11-10 02:16:50',1,11,'243','Байкало-Кудара',3,''),(82,'2013-11-10 02:16:50',1,11,'72','Байкальск',3,''),(83,'2013-11-10 02:16:50',1,11,'391','Байроновка',3,''),(84,'2013-11-10 02:16:51',1,11,'500','Баклаши',3,''),(85,'2013-11-10 02:16:51',1,11,'73','Балаганск',3,''),(86,'2013-11-10 02:16:51',1,11,'95','Балахнинский',3,''),(87,'2013-11-10 02:16:51',1,11,'287','Барагхан',3,''),(88,'2013-11-10 02:16:51',1,11,'76','Баргузин',3,''),(89,'2013-11-10 02:16:51',1,11,'277','Барлук',3,''),(90,'2013-11-10 02:16:51',1,11,'471','Барун-Хасурта',3,''),(91,'2013-11-10 02:16:51',1,11,'182','Батама',3,''),(92,'2013-11-10 02:16:51',1,11,'74','Бахтай',3,''),(93,'2013-11-10 02:16:51',1,11,'79','Баянгол',3,''),(94,'2013-11-10 02:16:51',1,11,'82','Баяндай',3,''),(95,'2013-11-10 02:16:51',1,11,'140','Белоозерск',3,''),(96,'2013-11-10 02:16:51',1,11,'432','Белореченское',3,''),(97,'2013-11-10 02:16:51',1,11,'479','Бельск',3,''),(98,'2013-11-10 02:16:51',1,11,'112','Бикей',3,''),(99,'2013-11-10 02:16:51',1,11,'441','Биликтуй',3,''),(100,'2013-11-10 02:16:51',1,11,'264','Бирюлька',3,''),(101,'2013-11-10 02:16:51',1,11,'89','Бирюсинск',3,''),(102,'2013-11-10 02:16:51',1,11,'91','Бичура',3,''),(103,'2013-11-10 02:16:51',1,11,'100','Бодайбо',3,''),(104,'2013-11-10 02:16:51',1,11,'509','Бозой',3,''),(105,'2013-11-10 02:16:51',1,11,'442','Большежилкино',3,''),(106,'2013-11-10 02:16:51',1,11,'129','Большеокинское',3,''),(107,'2013-11-10 02:16:51',1,11,'226','бор',3,''),(108,'2013-11-10 02:16:51',1,11,'191','бор',3,''),(109,'2013-11-10 02:16:52',1,11,'144','Боргой',3,''),(110,'2013-11-10 02:16:52',1,11,'344','Борсой',3,''),(111,'2013-11-10 02:16:52',1,11,'103','Бохан',3,''),(112,'2013-11-10 02:16:52',1,11,'111','Братск',3,''),(113,'2013-11-10 02:16:52',1,11,'160','Брянь',3,''),(114,'2013-11-10 02:16:52',1,11,'340','Бугульдейка',3,''),(115,'2013-11-10 02:16:52',1,11,'407','Будагово',3,''),(116,'2013-11-10 02:16:52',1,11,'475','Булай',3,''),(117,'2013-11-10 02:16:52',1,11,'198','Бурдаковка',3,''),(118,'2013-11-10 02:16:52',1,11,'211','Бурдугуз',3,''),(119,'2013-11-10 02:16:52',1,11,'433','Буреть',3,''),(120,'2013-11-10 02:16:52',1,11,'278','Бурук',3,''),(121,'2013-11-10 02:16:52',1,11,'417','Буслайка',3,''),(122,'2013-11-10 02:16:52',1,11,'199','Бутырки',3,''),(123,'2013-11-10 02:16:52',1,11,'389','Быстрое',3,''),(124,'2013-11-10 02:16:52',1,11,'455','Верхнемарково',3,''),(125,'2013-11-10 02:16:52',1,11,'265','Верхоленск',3,''),(126,'2013-11-10 02:16:52',1,11,'489','Веселый',3,''),(127,'2013-11-10 02:16:52',1,11,'313','Видим',3,''),(128,'2013-11-10 02:16:52',1,11,'301','Витимский',3,''),(129,'2013-11-10 02:16:52',1,11,'135','Вихоревка',3,''),(130,'2013-11-10 02:16:52',1,11,'172','Владимир',3,''),(131,'2013-11-10 02:16:52',1,11,'324','Вознесенский',3,''),(132,'2013-11-10 02:16:52',1,11,'237','Выдрино',3,''),(133,'2013-11-10 02:16:53',1,11,'418','Гадалей',3,''),(134,'2013-11-10 02:16:53',1,11,'506','Гаханы',3,''),(135,'2013-11-10 02:16:53',1,11,'113','Гидростроитель',3,''),(136,'2013-11-10 02:16:53',1,11,'497','Глубокая',3,''),(137,'2013-11-10 02:16:53',1,11,'60','Головинская',3,''),(138,'2013-11-10 02:16:53',1,11,'232','Голоустное',3,''),(139,'2013-11-10 02:16:53',1,11,'210','Голоустное',3,''),(140,'2013-11-10 02:16:53',1,11,'153','Горхон',3,''),(141,'2013-11-10 02:16:53',1,11,'366','Горячинск',3,''),(142,'2013-11-10 02:16:53',1,11,'212','Грановщина',3,''),(143,'2013-11-10 02:16:53',1,11,'367','Гремячинск',3,''),(144,'2013-11-10 02:16:53',1,11,'420','Гужиры',3,''),(145,'2013-11-10 02:16:53',1,11,'145','Гунда',3,''),(146,'2013-11-10 02:16:53',1,11,'408','Гуран',3,''),(147,'2013-11-10 02:16:53',1,11,'368','Гурулёво',3,''),(148,'2013-11-10 02:16:53',1,11,'193','Гурульба',3,''),(149,'2013-11-10 02:16:53',1,11,'136','Гусиноозерск',3,''),(150,'2013-11-10 02:16:53',1,11,'168','Делюр',3,''),(151,'2013-11-10 02:17:01',1,11,'138','Джида',3,''),(152,'2013-11-10 02:17:01',1,11,'213','Дзержинск',3,''),(153,'2013-11-10 02:17:01',1,11,'114','Добчур',3,''),(154,'2013-11-10 02:17:01',1,11,'473','Додо-Гол',3,''),(155,'2013-11-10 02:17:01',1,11,'447','Дубынино',3,''),(156,'2013-11-10 02:17:01',1,11,'104','Дундай',3,''),(157,'2013-11-10 02:17:01',1,11,'137','Дэдэ-Ичетуй',3,''),(158,'2013-11-10 02:17:01',1,11,'200','Егоровщина',3,''),(159,'2013-11-10 02:17:01',1,11,'409','Едогон',3,''),(160,'2013-11-10 02:17:01',1,11,'348','Еланцы',3,''),(161,'2013-11-10 02:17:01',1,11,'429','Елань',3,''),(162,'2013-11-10 02:17:01',1,11,'508','Еловка',3,''),(163,'2013-11-10 02:17:01',1,11,'256','Ербогачен',3,''),(164,'2013-11-10 02:17:01',1,11,'448','Ершово',3,''),(165,'2013-11-10 02:17:01',1,11,'149','Железногорск-Илимский',3,''),(166,'2013-11-10 02:17:02',1,11,'449','Железнодорожный',3,''),(167,'2013-11-10 02:17:02',1,11,'141','Желтура',3,''),(168,'2013-11-10 02:17:02',1,11,'424','Жемчуг',3,''),(169,'2013-11-10 02:17:02',1,11,'151','Жигалово',3,''),(170,'2013-11-10 02:17:02',1,11,'476','Жмурово',3,''),(171,'2013-11-10 02:17:02',1,11,'54','Забитуй',3,''),(172,'2013-11-10 02:17:02',1,11,'87','Загатуй',3,''),(173,'2013-11-10 02:17:02',1,11,'510','Зады',3,''),(174,'2013-11-10 02:17:02',1,11,'154','Заиграево',3,''),(175,'2013-11-10 02:17:02',1,11,'375','Заимка',3,''),(176,'2013-11-10 02:17:02',1,11,'166','Закаменск',3,''),(177,'2013-11-10 02:17:02',1,11,'425','Зактуй',3,''),(178,'2013-11-10 02:17:02',1,11,'335','Закулей',3,''),(179,'2013-11-10 02:17:02',1,11,'169','Залари',3,''),(180,'2013-11-10 02:17:02',1,11,'325','Замзор',3,''),(181,'2013-11-10 02:17:02',1,11,'75','Заславск',3,''),(182,'2013-11-10 02:17:02',1,11,'314','Заярск',3,''),(183,'2013-11-10 02:17:02',1,11,'456','Звездный',3,''),(184,'2013-11-10 02:17:02',1,11,'66','Зверево',3,''),(185,'2013-11-10 02:17:02',1,11,'480','Зерновое',3,''),(186,'2013-11-10 02:17:02',1,11,'181','Зима',3,''),(187,'2013-11-10 02:17:02',1,11,'61','Зоны',3,''),(188,'2013-11-10 02:17:02',1,11,'115','Зяба',3,''),(189,'2013-11-10 02:17:02',1,11,'62','Иваническое',3,''),(190,'2013-11-10 02:17:02',1,11,'189','Иволгинск',3,''),(191,'2013-11-10 02:17:02',1,11,'315','Игирма',3,''),(192,'2013-11-10 02:17:02',1,11,'63','Идеал',3,''),(193,'2013-11-10 02:17:02',1,11,'410','Икей',3,''),(194,'2013-11-10 02:17:02',1,11,'362','Ильинка',3,''),(195,'2013-11-10 02:17:02',1,11,'159','Илька',3,''),(196,'2013-11-10 02:17:02',1,11,'483','иреть',3,''),(197,'2013-11-10 02:17:03',1,11,'197','Иркутск',3,''),(198,'2013-11-10 02:17:03',1,11,'245','Истомино',3,''),(199,'2013-11-10 02:17:03',1,11,'411','Ишидей',3,''),(200,'2013-11-10 02:17:03',1,11,'238','Кабанск',3,''),(201,'2013-11-10 02:17:03',1,11,'255','Казаченское',3,''),(202,'2013-11-10 02:17:03',1,11,'108','Казачье',3,''),(203,'2013-11-10 02:17:03',1,11,'462','Каймоново',3,''),(204,'2013-11-10 02:17:03',1,11,'130','Калтук',3,''),(205,'2013-11-10 02:17:03',1,11,'105','Каменка',3,''),(206,'2013-11-10 02:17:03',1,11,'85','Каменка',3,''),(207,'2013-11-10 02:17:03',1,11,'239','Каменск',3,''),(208,'2013-11-10 02:17:03',1,11,'326','Камышет',3,''),(209,'2013-11-10 02:17:03',1,11,'214','Карлук',3,''),(210,'2013-11-10 02:17:03',1,11,'319','Карстовая',3,''),(211,'2013-11-10 02:17:03',1,11,'282','Карымск',3,''),(212,'2013-11-10 02:17:03',1,11,'266','Качуг',3,''),(213,'2013-11-10 02:17:03',1,11,'392','Квиток',3,''),(214,'2013-11-10 02:17:03',1,11,'116','Кежемский',3,''),(215,'2013-11-10 02:17:03',1,11,'270','Кижинга',3,''),(216,'2013-11-10 02:17:03',1,11,'184','Кимильтей',3,''),(217,'2013-11-10 02:17:03',1,11,'274','Киренск',3,''),(218,'2013-11-10 02:17:04',1,11,'477','Кирзавод',3,''),(219,'2013-11-10 02:17:04',1,11,'439','Китой',3,''),(220,'2013-11-10 02:17:04',1,11,'157','ключ',3,''),(221,'2013-11-10 02:17:04',1,11,'504','Ключи',3,''),(222,'2013-11-10 02:17:04',1,11,'283','Ключи',3,''),(223,'2013-11-10 02:17:04',1,11,'194','Ключи',3,''),(224,'2013-11-10 02:17:04',1,11,'131','Ключи-Булак',3,''),(225,'2013-11-10 02:17:04',1,11,'195','Колобки',3,''),(226,'2013-11-10 02:17:04',1,11,'146','Комсомольское',3,''),(227,'2013-11-10 02:17:04',1,11,'400','Конторка',3,''),(228,'2013-11-10 02:17:04',1,11,'514','Корсук',3,''),(229,'2013-11-10 02:17:04',1,11,'209','Коты',3,''),(230,'2013-11-10 02:17:04',1,11,'96','Кропоткин',3,''),(231,'2013-11-10 02:17:04',1,11,'215','Куда',3,''),(232,'2013-11-10 02:17:04',1,11,'295','Кудара-Сомон',3,''),(233,'2013-11-10 02:17:04',1,11,'132','Кузнецовка',3,''),(234,'2013-11-10 02:17:04',1,11,'279','Куйтун',3,''),(235,'2013-11-10 02:17:04',1,11,'383','Култук',3,''),(236,'2013-11-10 02:17:04',1,11,'246','Култушная',3,''),(237,'2013-11-10 02:17:04',1,11,'284','Кундуй',3,''),(238,'2013-11-10 02:17:04',1,11,'161','Курба',3,''),(239,'2013-11-10 02:17:04',1,11,'341','Куркут',3,''),(240,'2013-11-10 02:17:05',1,11,'342','Курма',3,''),(241,'2013-11-10 02:17:05',1,11,'457','Курорт',3,''),(242,'2013-11-10 02:17:05',1,11,'286','Курумкан',3,''),(243,'2013-11-10 02:17:05',1,11,'55','Кутулик',3,''),(244,'2013-11-10 02:17:05',1,11,'421','Кырен',3,''),(245,'2013-11-10 02:17:05',1,11,'291','Кяхта',3,''),(246,'2013-11-10 02:17:05',1,11,'117','Леоново',3,''),(247,'2013-11-10 02:17:05',1,11,'450','Лесной',3,''),(248,'2013-11-10 02:17:05',1,11,'490','Лесогорск',3,''),(249,'2013-11-10 02:17:05',1,11,'216','Листвянка',3,''),(250,'2013-11-10 02:17:05',1,11,'481','Лохово',3,''),(251,'2013-11-10 02:17:12',1,11,'498','Луг',3,''),(252,'2013-11-10 02:17:12',1,11,'486','луг',3,''),(253,'2013-11-10 02:17:12',1,11,'118','Луговой',3,''),(254,'2013-11-10 02:17:12',1,11,'302','Луговский',3,''),(255,'2013-11-10 02:17:12',1,11,'350','Лузгина',3,''),(256,'2013-11-10 02:17:12',1,11,'201','Лыловщина',3,''),(257,'2013-11-10 02:17:12',1,11,'83','Люры',3,''),(258,'2013-11-10 02:17:12',1,11,'253','Магистральный',3,''),(259,'2013-11-10 02:17:12',1,11,'354','Майск',3,''),(260,'2013-11-10 02:17:12',1,11,'67','Майск',3,''),(261,'2013-11-10 02:17:12',1,11,'288','Майский',3,''),(262,'2013-11-10 02:17:12',1,11,'275','Макарово',3,''),(263,'2013-11-10 02:17:12',1,11,'78','Максимиха',3,''),(264,'2013-11-10 02:17:12',1,11,'482','Малиновка',3,''),(265,'2013-11-10 02:17:12',1,11,'463','Малышевка',3,''),(266,'2013-11-10 02:17:12',1,11,'303','Мама',3,''),(267,'2013-11-10 02:17:12',1,11,'97','Мамакан',3,''),(268,'2013-11-10 02:17:12',1,11,'233','Мамоны',3,''),(269,'2013-11-10 02:17:12',1,11,'384','Мангутай',3,''),(270,'2013-11-10 02:17:13',1,11,'268','Манзурка',3,''),(271,'2013-11-10 02:17:13',1,11,'98','Маракан',3,''),(272,'2013-11-10 02:17:13',1,11,'218','Марково',3,''),(273,'2013-11-10 02:17:13',1,11,'185','Масляногорск',3,''),(274,'2013-11-10 02:17:13',1,11,'68','Мегет',3,''),(275,'2013-11-10 02:17:13',1,11,'327','Мельничный',3,''),(276,'2013-11-10 02:17:13',1,11,'478','Михайловка',3,''),(277,'2013-11-10 02:17:13',1,11,'272','Михайловка',3,''),(278,'2013-11-10 02:17:13',1,11,'167','Михайловка',3,''),(279,'2013-11-10 02:17:13',1,11,'434','Мишелёвка',3,''),(280,'2013-11-10 02:17:13',1,11,'247','Мишиха',3,''),(281,'2013-11-10 02:17:13',1,11,'64','Могоенок',3,''),(282,'2013-11-10 02:17:13',1,11,'289','Могойто',3,''),(283,'2013-11-10 02:17:13',1,11,'152','Могойтуй',3,''),(284,'2013-11-10 02:17:13',1,11,'173','Моисеевка',3,''),(285,'2013-11-10 02:17:13',1,11,'174','Мойган',3,''),(286,'2013-11-10 02:17:13',1,11,'219','Молодежный',3,''),(287,'2013-11-10 02:17:13',1,11,'464','Молька',3,''),(288,'2013-11-10 02:17:13',1,11,'426','Монды',3,''),(289,'2013-11-10 02:17:13',1,11,'501','Моты',3,''),(290,'2013-11-10 02:17:13',1,11,'412','Мугун',3,''),(291,'2013-11-10 02:17:13',1,11,'92','Мулцугун',3,''),(292,'2013-11-10 02:17:13',1,11,'385','Мурино',3,''),(293,'2013-11-10 02:17:13',1,11,'305','Мухоршибирь',3,''),(294,'2013-11-10 02:17:13',1,11,'468','Муя',3,''),(295,'2013-11-10 02:17:13',1,11,'459','Мыс',3,''),(296,'2013-11-10 02:17:13',1,11,'260','Нагалык',3,''),(297,'2013-11-10 02:17:13',1,11,'292','Наушки',3,''),(298,'2013-11-10 02:17:13',1,11,'257','Непа',3,''),(299,'2013-11-10 02:17:14',1,11,'372','Нижнеангарск',3,''),(300,'2013-11-10 02:17:14',1,11,'321','Нижнеудинск',3,''),(301,'2013-11-10 02:17:14',1,11,'267','Никилей',3,''),(302,'2013-11-10 02:17:14',1,11,'220','Никола',3,''),(303,'2013-11-10 02:17:14',1,11,'393','Николаевка',3,''),(304,'2013-11-10 02:17:14',1,11,'402','Николаевское',3,''),(305,'2013-11-10 02:17:14',1,11,'306','Никольск',3,''),(306,'2013-11-10 02:17:14',1,11,'458','Ния',3,''),(307,'2013-11-10 02:17:14',1,11,'355','Ново-Ленино',3,''),(308,'2013-11-10 02:17:14',1,11,'202','Новогрудинина',3,''),(309,'2013-11-10 02:17:14',1,11,'435','Новожилкино',3,''),(310,'2013-11-10 02:17:14',1,11,'155','Новоильинск',3,''),(311,'2013-11-10 02:17:14',1,11,'221','Новоиркутский',3,''),(312,'2013-11-10 02:17:14',1,11,'273','Новокижингинск',3,''),(313,'2013-11-10 02:17:14',1,11,'332','Новоленино',3,''),(314,'2013-11-10 02:17:14',1,11,'203','Новолисиха',3,''),(315,'2013-11-10 02:17:14',1,11,'436','Новомальтинск',3,''),(316,'2013-11-10 02:17:14',1,11,'507','Новониколаевск',3,''),(317,'2013-11-10 02:17:15',1,11,'333','Новонукутский',3,''),(318,'2013-11-10 02:17:15',1,11,'222','Новоразводная',3,''),(319,'2013-11-10 02:17:15',1,11,'379','Новоселенгинск',3,''),(320,'2013-11-10 02:17:15',1,11,'386','Новоснежная',3,''),(321,'2013-11-10 02:17:15',1,11,'175','Новочеремхово',3,''),(322,'2013-11-10 02:17:15',1,11,'491','Новочунка',3,''),(323,'2013-11-10 02:17:15',1,11,'336','Нукуты',3,''),(324,'2013-11-10 02:17:15',1,11,'190','Нурселение',3,''),(325,'2013-11-10 02:17:15',1,11,'52','Ныгда',3,''),(326,'2013-11-10 02:17:15',1,11,'406','Нюра',3,''),(327,'2013-11-10 02:17:15',1,11,'394','Облепиха',3,''),(328,'2013-11-10 02:17:15',1,11,'356','Обуса',3,''),(329,'2013-11-10 02:17:15',1,11,'443','Одинск',3,''),(330,'2013-11-10 02:17:15',1,11,'223','Оек',3,''),(331,'2013-11-10 02:17:15',1,11,'142','Оёр',3,''),(332,'2013-11-10 02:17:15',1,11,'378','озеро',3,''),(333,'2013-11-10 02:17:15',1,11,'248','Оймур',3,''),(334,'2013-11-10 02:17:15',1,11,'93','Окино-Ключи',3,''),(335,'2013-11-10 02:17:15',1,11,'492','Октябрьский',3,''),(336,'2013-11-10 02:17:15',1,11,'293','Октябрьский',3,''),(337,'2013-11-10 02:17:15',1,11,'515','Олой',3,''),(338,'2013-11-10 02:17:15',1,11,'109','Олонки',3,''),(339,'2013-11-10 02:17:15',1,11,'502','Олха',3,''),(340,'2013-11-10 02:17:15',1,11,'88','Ользоны',3,''),(341,'2013-11-10 02:17:16',1,11,'352','Онгосор',3,''),(342,'2013-11-10 02:17:16',1,11,'484','Онот',3,''),(343,'2013-11-10 02:17:16',1,11,'156','Онохой',3,''),(344,'2013-11-10 02:17:16',1,11,'339','Орлик',3,''),(345,'2013-11-10 02:17:16',1,11,'361','Острог',3,''),(346,'2013-11-10 02:17:16',1,11,'128','Падун',3,''),(347,'2013-11-10 02:17:16',1,11,'119','Падун',3,''),(348,'2013-11-10 02:17:16',1,11,'485','Парфеново',3,''),(349,'2013-11-10 02:17:16',1,11,'493','Парчум',3,''),(350,'2013-11-10 02:17:16',1,11,'224','Патроны',3,''),(351,'2013-11-10 02:17:22',1,11,'337','Первомайское',3,''),(352,'2013-11-10 02:17:22',1,11,'99','Перевоз',3,''),(353,'2013-11-10 02:17:22',1,11,'251','Переёмная',3,''),(354,'2013-11-10 02:17:22',1,11,'343','Петрова',3,''),(355,'2013-11-10 02:17:22',1,11,'143','Петропавловка',3,''),(356,'2013-11-10 02:17:22',1,11,'234','Пивовариха',3,''),(357,'2013-11-10 02:17:22',1,11,'413','Писарево',3,''),(358,'2013-11-10 02:17:22',1,11,'225','Плишкино',3,''),(359,'2013-11-10 02:17:22',1,11,'258','Подволошино',3,''),(360,'2013-11-10 02:17:22',1,11,'499','Подкаменная',3,''),(361,'2013-11-10 02:17:22',1,11,'133','Покосное',3,''),(362,'2013-11-10 02:17:22',1,11,'186','Покровка',3,''),(363,'2013-11-10 02:17:22',1,11,'401','Половина-Черемхово',3,''),(364,'2013-11-10 02:17:22',1,11,'84','Половинка',3,''),(365,'2013-11-10 02:17:22',1,11,'240','Посольск',3,''),(366,'2013-11-10 02:17:22',1,11,'90','Потанино',3,''),(367,'2013-11-10 02:17:22',1,11,'259','Преображенка',3,''),(368,'2013-11-10 02:17:22',1,11,'51','Прибой',3,''),(369,'2013-11-10 02:17:22',1,11,'120','Прибрежный',3,''),(370,'2013-11-10 02:17:22',1,11,'353','Приморский',3,''),(371,'2013-11-10 02:17:22',1,11,'422','Пустынь',3,''),(372,'2013-11-10 02:17:22',1,11,'395','Разгон',3,''),(373,'2013-11-10 02:17:22',1,11,'444','Раздолье',3,''),(374,'2013-11-10 02:17:22',1,11,'204','Ревякина',3,''),(375,'2013-11-10 02:17:23',1,11,'244','речка',3,''),(376,'2013-11-10 02:17:23',1,11,'208','Речка',3,''),(377,'2013-11-10 02:17:23',1,11,'207','Речка',3,''),(378,'2013-11-10 02:17:23',1,11,'316','Речушка',3,''),(379,'2013-11-10 02:17:23',1,11,'317','Рудногорск',3,''),(380,'2013-11-10 02:17:23',1,11,'69','Савватеевка',3,''),(381,'2013-11-10 02:17:23',1,11,'307','Саган-Нур',3,''),(382,'2013-11-10 02:17:23',1,11,'187','Самара',3,''),(383,'2013-11-10 02:17:23',1,11,'345','Сахюрта',3,''),(384,'2013-11-10 02:17:23',1,11,'369','Саянск',3,''),(385,'2013-11-10 02:17:23',1,11,'403','Саянтуй',3,''),(386,'2013-11-10 02:17:23',1,11,'467','Светлолобово',3,''),(387,'2013-11-10 02:17:23',1,11,'370','Свирск',3,''),(388,'2013-11-10 02:17:23',1,11,'371','Северобайкальск',3,''),(389,'2013-11-10 02:17:23',1,11,'453','Седаново',3,''),(390,'2013-11-10 02:17:23',1,11,'241','Селенгинск',3,''),(391,'2013-11-10 02:17:23',1,11,'376','Селендума',3,''),(392,'2013-11-10 02:17:23',1,11,'381','Слюдянка',3,''),(393,'2013-11-10 02:17:23',1,11,'503','Смоленщина',3,''),(394,'2013-11-10 02:17:23',1,11,'387','Солзан',3,''),(395,'2013-11-10 02:17:23',1,11,'494','Сосновка',3,''),(396,'2013-11-10 02:17:23',1,11,'437','Сосновка',3,''),(397,'2013-11-10 02:17:23',1,11,'121','Сосновый',3,''),(398,'2013-11-10 02:17:23',1,11,'196','Сотниково',3,''),(399,'2013-11-10 02:17:23',1,11,'192','Сотниково',3,''),(400,'2013-11-10 02:17:23',1,11,'438','Средний',3,''),(401,'2013-11-10 02:17:23',1,11,'318','Суворовский',3,''),(402,'2013-11-10 02:17:24',1,11,'249','Сухая',3,''),(403,'2013-11-10 02:17:24',1,11,'176','Тагна',3,''),(404,'2013-11-10 02:17:24',1,11,'440','Тайтурка',3,''),(405,'2013-11-10 02:17:24',1,11,'390','Тайшет',3,''),(406,'2013-11-10 02:17:24',1,11,'304','Таксимо',3,''),(407,'2013-11-10 02:17:24',1,11,'472','Тальцы',3,''),(408,'2013-11-10 02:17:24',1,11,'227','Тальцы',3,''),(409,'2013-11-10 02:17:24',1,11,'165','Тальцы',3,''),(410,'2013-11-10 02:17:24',1,11,'430','Тальяны',3,''),(411,'2013-11-10 02:17:24',1,11,'294','Тамир',3,''),(412,'2013-11-10 02:17:24',1,11,'122','Тангуй',3,''),(413,'2013-11-10 02:17:24',1,11,'252','Танхой',3,''),(414,'2013-11-10 02:17:24',1,11,'106','Тараса',3,''),(415,'2013-11-10 02:17:24',1,11,'404','Тарбагатай',3,''),(416,'2013-11-10 02:17:24',1,11,'380','Ташир',3,''),(417,'2013-11-10 02:17:24',1,11,'445','Тельма',3,''),(418,'2013-11-10 02:17:24',1,11,'107','Тихоновка',3,''),(419,'2013-11-10 02:17:24',1,11,'217','Топка',3,''),(420,'2013-11-10 02:17:24',1,11,'228','Топкинский',3,''),(421,'2013-11-10 02:17:24',1,11,'396','Топорок',3,''),(422,'2013-11-10 02:17:25',1,11,'423','Торы',3,''),(423,'2013-11-10 02:17:25',1,11,'177','Троицк',3,''),(424,'2013-11-10 02:17:25',1,11,'308','Тугнуй',3,''),(425,'2013-11-10 02:17:25',1,11,'511','Тугутуй',3,''),(426,'2013-11-10 02:17:25',1,11,'147','Тужинка',3,''),(427,'2013-11-10 02:17:25',1,11,'405','Тулун',3,''),(428,'2013-11-10 02:17:25',1,11,'280','Тулюшка',3,''),(429,'2013-11-10 02:17:25',1,11,'427','Тунка',3,''),(430,'2013-11-10 02:17:25',1,11,'363','Турка',3,''),(431,'2013-11-10 02:17:25',1,11,'123','Турма',3,''),(432,'2013-11-10 02:17:25',1,11,'364','Турунтаево',3,''),(433,'2013-11-10 02:17:25',1,11,'170','Тыреть',3,''),(434,'2013-11-10 02:17:25',1,11,'124','Тэмь',3,''),(435,'2013-11-10 02:17:25',1,11,'466','Уда',3,''),(436,'2013-11-10 02:17:25',1,11,'346','Узуры',3,''),(437,'2013-11-10 02:17:25',1,11,'328','Ук',3,''),(438,'2013-11-10 02:17:25',1,11,'148','Укыр',3,''),(439,'2013-11-10 02:17:25',1,11,'428','Улан-Удэ',3,''),(440,'2013-11-10 02:17:25',1,11,'254','Улькан',3,''),(441,'2013-11-10 02:17:25',1,11,'80','Улюкчикан',3,''),(442,'2013-11-10 02:17:25',1,11,'373','Уоян',3,''),(443,'2013-11-10 02:17:25',1,11,'229','Урик',3,''),(444,'2013-11-10 02:17:25',1,11,'431','Усолье-Сибирское',3,''),(445,'2013-11-10 02:17:25',1,11,'357','Усть-Алтан',3,''),(446,'2013-11-10 02:17:25',1,11,'230','Усть-Балей',3,''),(447,'2013-11-10 02:17:25',1,11,'77','Усть-Баргузин',3,''),(448,'2013-11-10 02:17:25',1,11,'162','Усть-Брянь',3,''),(449,'2013-11-10 02:17:25',1,11,'296','Усть-Дунгуй',3,''),(450,'2013-11-10 02:17:25',1,11,'446','Усть-Илимск',3,''),(451,'2013-11-10 02:17:31',1,11,'297','Усть-Киран',3,''),(452,'2013-11-10 02:17:32',1,11,'205','Усть-Куда',3,''),(453,'2013-11-10 02:17:32',1,11,'454','Усть-Кут',3,''),(454,'2013-11-10 02:17:32',1,11,'298','Усть-Кяхта',3,''),(455,'2013-11-10 02:17:32',1,11,'512','Усть-Ордынский',3,''),(456,'2013-11-10 02:17:32',1,11,'271','Усть-Орот',3,''),(457,'2013-11-10 02:17:32',1,11,'465','Усть-Уда',3,''),(458,'2013-11-10 02:17:32',1,11,'388','Утулик',3,''),(459,'2013-11-10 02:17:32',1,11,'281','Уховский',3,''),(460,'2013-11-10 02:17:32',1,11,'285','Уян',3,''),(461,'2013-11-10 02:17:32',1,11,'235','Факел',3,''),(462,'2013-11-10 02:17:32',1,11,'236','Фофоново',3,''),(463,'2013-11-10 02:17:32',1,11,'338','Хадахан',3,''),(464,'2013-11-10 02:17:32',1,11,'183','Хазан',3,''),(465,'2013-11-10 02:17:32',1,11,'261','Хальск',3,''),(466,'2013-11-10 02:17:32',1,11,'178','Ханжиново',3,''),(467,'2013-11-10 02:17:32',1,11,'188','Харайгун',3,''),(468,'2013-11-10 02:17:32',1,11,'134','Харанжино',3,''),(469,'2013-11-10 02:17:32',1,11,'269','Харбатова',3,''),(470,'2013-11-10 02:17:32',1,11,'300','Харлунское',3,''),(471,'2013-11-10 02:17:32',1,11,'86','Хогот',3,''),(472,'2013-11-10 02:17:32',1,11,'179','Холмогой',3,''),(473,'2013-11-10 02:17:32',1,11,'231','Хомутово',3,''),(474,'2013-11-10 02:17:32',1,11,'309','Хонхолой',3,''),(475,'2013-11-10 02:17:33',1,11,'180','Хор-Танга',3,''),(476,'2013-11-10 02:17:33',1,11,'101','Хоргелок',3,''),(477,'2013-11-10 02:17:33',1,11,'469','Хоринск',3,''),(478,'2013-11-10 02:17:33',1,11,'110','Хохорск',3,''),(479,'2013-11-10 02:17:33',1,11,'312','Хошун-Узур',3,''),(480,'2013-11-10 02:17:33',1,11,'329','Худоелань',3,''),(481,'2013-11-10 02:17:33',1,11,'347','Хужир',3,''),(482,'2013-11-10 02:17:33',1,11,'334','Целинный',3,''),(483,'2013-11-10 02:17:33',1,11,'310','Цолга',3,''),(484,'2013-11-10 02:17:33',1,11,'125','Чекановский',3,''),(485,'2013-11-10 02:17:33',1,11,'163','Челутай',3,''),(486,'2013-11-10 02:17:33',1,11,'474','Черемхово',3,''),(487,'2013-11-10 02:17:33',1,11,'397','Черемшанка',3,''),(488,'2013-11-10 02:17:33',1,11,'320','Черная',3,''),(489,'2013-11-10 02:17:33',1,11,'311','Черноярово',3,''),(490,'2013-11-10 02:17:33',1,11,'150','Чикан',3,''),(491,'2013-11-10 02:17:34',1,11,'299','Чикой',3,''),(492,'2013-11-10 02:17:34',1,11,'488','Чита',3,''),(493,'2013-11-10 02:17:34',1,11,'495','Чунский',3,''),(494,'2013-11-10 02:17:34',1,11,'164','Шабур',3,''),(495,'2013-11-10 02:17:34',1,11,'505','Шаманка',3,''),(496,'2013-11-10 02:17:34',1,11,'349','Шара-Тогот',3,''),(497,'2013-11-10 02:17:34',1,11,'331','Шеберта',3,''),(498,'2013-11-10 02:17:34',1,11,'496','Шелехов',3,''),(499,'2013-11-10 02:17:34',1,11,'414','Шерагул',3,''),(500,'2013-11-10 02:17:34',1,11,'242','Шигаево',3,''),(501,'2013-11-10 02:17:34',1,11,'398','Шиткино',3,''),(502,'2013-11-10 02:17:34',1,11,'262','Шишкина',3,''),(503,'2013-11-10 02:17:34',1,11,'126','Шумилово',3,''),(504,'2013-11-10 02:17:34',1,11,'330','Шумский',3,''),(505,'2013-11-10 02:17:34',1,11,'263','Щапова',3,''),(506,'2013-11-10 02:17:34',1,11,'451','Эдучанка',3,''),(507,'2013-11-10 02:17:34',1,11,'127','Энергетик',3,''),(508,'2013-11-10 02:17:34',1,11,'250','Энхэлук',3,''),(509,'2013-11-10 02:17:34',1,11,'158','Эрхирик',3,''),(510,'2013-11-10 02:17:34',1,11,'70','Юго-Восточный',3,''),(511,'2013-11-10 02:17:34',1,11,'365','Югово',3,''),(512,'2013-11-10 02:17:35',1,11,'399','Юрты',3,''),(513,'2013-11-10 02:17:35',1,11,'460','Якурим',3,''),(514,'2013-11-10 02:17:35',1,11,'461','Янталь',3,''),(515,'2013-11-10 02:17:35',1,11,'374','Янчукан',3,''),(516,'2013-11-10 02:20:29',1,11,'6','Табарсук',2,'Изменен name.'),(517,'2013-11-10 02:20:38',1,11,'156','Никольск',2,'Изменен name.'),(518,'2013-11-10 02:20:46',1,11,'300','Грязнушка',2,'Изменен name.'),(519,'2013-11-10 02:20:53',1,11,'307','Мольта',2,'Изменен name.'),(520,'2013-11-10 02:20:59',1,11,'308','Оса',2,'Изменен name.'),(521,'2013-11-10 02:21:05',1,11,'309','Унгин',2,'Изменен name.'),(522,'2013-11-10 02:21:14',1,11,'401','Тубинский',2,'Изменен name.'),(523,'2013-11-10 02:21:21',1,11,'436','Рысево',2,'Изменен name.'),(524,'2013-11-10 02:24:29',1,11,'175','Сосновый бор',2,'Изменен name.'),(525,'2013-11-10 02:24:44',1,11,'141','Сосновый бор',2,'Изменен name.'),(526,'2013-11-10 02:28:49',1,11,'432','Нижняя иреть',2,'Изменен name.'),(527,'2013-11-10 03:09:39',1,11,'435','Большой луг',2,'Изменен name.'),(528,'2013-11-11 10:42:48',1,12,'1','79021702030',2,'Изменен mailing.'),(529,'2013-11-11 13:38:19',1,12,'1','79021702030',3,''),(530,'2013-11-11 13:38:25',1,12,'2','79021702030',2,'Изменен status.'),(531,'2013-11-12 01:16:14',1,13,'4','79021702030',3,''),(532,'2013-11-12 01:16:14',1,13,'3','79021702030',3,''),(533,'2013-11-12 01:16:14',1,13,'2','79021702030',3,''),(534,'2013-11-12 01:16:14',1,13,'1','79021702030',3,''),(535,'2013-11-12 01:17:01',1,5,'2','alex',1,''),(536,'2013-11-12 01:17:19',1,5,'2','alex',2,'Изменен password,first_name,is_staff и is_superuser.'),(537,'2013-11-12 12:44:27',1,12,'2','79021702030',3,''),(538,'2013-11-13 03:55:28',1,11,'193','речка',3,''),(539,'2013-11-13 03:56:23',1,11,'107','ключ',3,''),(540,'2013-11-13 04:10:57',1,13,'9','79021702030',3,''),(541,'2013-11-16 04:54:25',1,12,'4','79021702030',3,''),(542,'2013-11-16 05:38:03',1,12,'5','79021702030',3,''),(543,'2013-11-16 10:48:11',2,11,'436','Рысево',2,'Изменен weather_location_code.'),(544,'2013-11-16 16:24:09',2,11,'7','Аларь',2,'Изменен weather_location_code.'),(545,'2013-11-16 16:24:45',2,11,'364','Алгатуй',2,'Изменен weather_location_code.'),(546,'2013-11-16 16:24:52',2,11,'225','Алексеевск',2,'Изменен weather_location_code.'),(547,'2013-11-16 16:25:04',2,11,'8','Аляты',2,'Изменен weather_location_code.'),(548,'2013-11-16 16:25:16',2,11,'419','Амгаланта',2,'Изменен weather_location_code.'),(549,'2013-11-16 16:25:27',2,11,'331','Ангасолка',2,'Изменен weather_location_code.'),(550,'2013-11-16 16:25:38',2,11,'9','Апхульта',2,'Изменен weather_location_code.'),(551,'2013-11-16 16:25:50',2,11,'239','Аргада',2,'Изменен weather_location_code.'),(552,'2013-11-16 16:26:00',2,11,'326','Ардасан',2,'Изменен weather_location_code.'),(553,'2013-11-16 16:26:11',2,11,'272','Атагай',2,'Изменен weather_location_code.'),(554,'2013-11-16 16:26:22',2,11,'462','Ахины',2,'Изменен weather_location_code.'),(555,'2013-11-16 16:26:39',2,11,'121','Бабагай',2,'Изменен weather_location_code.'),(556,'2013-11-16 16:26:51',2,11,'31','Багдарин',2,'Изменен weather_location_code.'),(557,'2013-11-16 16:28:24',2,11,'365','Бадар',2,'Изменен weather_location_code.'),(558,'2013-11-16 16:29:39',2,11,'340','Байроновка',2,'Изменен weather_location_code.'),(559,'2013-11-16 16:30:25',2,11,'449','Баклаши',2,'Изменен weather_location_code.'),(560,'2013-11-16 16:31:21',2,11,'23','Балаганск',2,'Изменен weather_location_code.'),(561,'2013-11-16 16:55:33',2,11,'236','Барагхан',2,'Изменен weather_location_code.'),(562,'2013-11-16 16:56:02',2,11,'45','Балахнинский',2,'Изменен weather_location_code.'),(563,'2013-11-16 16:57:18',2,11,'226','Барлук',2,'Изменен weather_location_code.'),(564,'2013-11-16 16:58:13',2,11,'420','Барун-Хасурта',2,'Изменен weather_location_code.'),(565,'2013-11-16 16:59:11',2,11,'132','Батама',2,'Изменен weather_location_code.'),(566,'2013-11-16 16:59:51',2,11,'24','Бахтай',2,'Изменен weather_location_code.'),(567,'2013-11-16 17:00:40',2,11,'29','Баянгол',2,'Изменен weather_location_code.'),(568,'2013-11-16 17:01:30',2,11,'32','Баяндай',2,'Изменен weather_location_code.'),(569,'2013-11-16 17:02:38',2,11,'90','Белоозерск',2,'Изменен weather_location_code.'),(570,'2013-11-16 17:03:49',2,11,'428','Бельск',2,'Изменен weather_location_code.'),(571,'2013-11-16 17:04:37',2,11,'62','Бикей',2,'Изменен weather_location_code.'),(572,'2013-11-16 17:05:23',2,11,'390','Биликтуй',2,'Изменен weather_location_code.'),(573,'2013-11-16 17:08:27',2,11,'41','Бичура',2,'Изменен weather_location_code.'),(574,'2013-11-16 17:09:12',2,11,'458','Бозой',2,'Изменен weather_location_code.'),(575,'2013-11-16 17:10:02',2,11,'79','Большеокинское',2,'Изменен weather_location_code.'),(576,'2013-11-16 17:10:43',2,11,'435','Большой луг',2,'Изменен weather_location_code.'),(577,'2013-11-16 17:11:30',2,11,'94','Боргой',2,'Изменен weather_location_code.'),(578,'2013-11-16 17:12:27',2,11,'293','Борсой',2,'Изменен weather_location_code.'),(579,'2013-11-16 17:13:14',2,11,'53','Бохан',2,'Изменен weather_location_code.'),(580,'2013-11-16 17:14:17',2,11,'289','Бугульдейка',2,'Изменен weather_location_code.'),(581,'2013-11-16 17:15:05',2,11,'356','Будагово',2,'Изменен weather_location_code.'),(582,'2013-11-16 17:15:44',2,11,'424','Булай',2,'Изменен weather_location_code.'),(583,'2013-11-16 17:16:24',2,11,'148','Бурдаковка',2,'Изменен weather_location_code.'),(584,'2013-11-16 17:17:29',2,11,'160','Бурдугуз',2,'Изменен weather_location_code.'),(585,'2013-11-16 17:19:03',2,11,'382','Буреть',2,'Изменен weather_location_code.'),(586,'2013-11-16 17:19:47',2,11,'227','Бурук',2,'Изменен weather_location_code.'),(587,'2013-11-16 17:20:31',2,11,'420','Барун-Хасурта',2,'Ни одно поле не изменено.'),(588,'2013-11-16 17:21:27',2,11,'132','Батама',2,'Ни одно поле не изменено.'),(589,'2013-11-16 17:40:47',2,11,'366','Буслайка',2,'Изменен weather_location_code.'),(590,'2013-11-16 17:41:43',2,11,'149','Бутырки',2,'Изменен weather_location_code.'),(591,'2013-11-16 17:43:10',2,11,'404','Верхнемарково',2,'Изменен weather_location_code.'),(592,'2013-11-16 23:56:21',2,11,'404','Верхнемарково',2,'Ни одно поле не изменено.'),(593,'2013-11-16 23:57:26',2,11,'214','Верхоленск',2,'Изменен weather_location_code.'),(594,'2013-11-16 23:58:19',2,11,'438','Веселый',2,'Изменен weather_location_code.'),(595,'2013-11-16 23:59:26',2,11,'262','Видим',2,'Изменен weather_location_code.'),(596,'2013-11-17 00:00:26',2,11,'250','Витимский',2,'Изменен weather_location_code.'),(597,'2013-11-17 00:01:10',2,11,'273','Вознесенский',2,'Изменен weather_location_code.'),(598,'2013-11-17 00:02:17',2,11,'186','Выдрино',2,'Изменен weather_location_code.'),(599,'2013-11-17 00:03:47',2,11,'367','Гадалей',2,'Изменен weather_location_code.'),(600,'2013-11-17 00:04:46',2,11,'455','Гаханы',2,'Изменен weather_location_code.'),(601,'2013-11-17 00:05:38',2,11,'63','Гидростроитель',2,'Изменен weather_location_code.'),(602,'2013-11-17 00:06:50',2,11,'446','Глубокая',2,'Изменен weather_location_code.'),(603,'2013-11-17 00:07:41',2,11,'10','Головинская',2,'Изменен weather_location_code.'),(604,'2013-11-17 00:08:51',2,11,'181','Голоустное',2,'Изменен weather_location_code.'),(605,'2013-11-17 00:09:41',2,11,'159','Голоустное',2,'Изменен weather_location_code.'),(606,'2013-11-17 00:11:17',2,11,'161','Грановщина',2,'Изменен weather_location_code.'),(607,'2013-11-17 00:12:28',2,11,'300','Грязнушка',2,'Изменен weather_location_code.'),(608,'2013-11-17 00:13:09',2,11,'369','Гужиры',2,'Изменен weather_location_code.'),(609,'2013-11-17 00:14:06',2,11,'95','Гунда',2,'Изменен weather_location_code.'),(610,'2013-11-17 00:14:51',2,11,'357','Гуран',2,'Изменен weather_location_code.'),(611,'2013-11-17 00:15:54',2,11,'143','Гурульба',2,'Изменен weather_location_code.'),(612,'2013-11-17 00:29:15',2,11,'118','Делюр',2,'Изменен weather_location_code.'),(613,'2013-11-17 00:29:48',2,11,'88','Джида',2,'Изменен weather_location_code.'),(614,'2013-11-17 00:31:03',2,11,'64','Добчур',2,'Изменен weather_location_code.'),(615,'2013-11-17 00:31:40',2,11,'422','Додо-Гол',2,'Изменен weather_location_code.'),(616,'2013-11-17 00:32:19',2,11,'396','Дубынино',2,'Изменен weather_location_code.'),(617,'2013-11-17 00:33:19',2,11,'54','Дундай',2,'Изменен weather_location_code.'),(618,'2013-11-17 00:34:10',2,11,'87','Дэдэ-Ичетуй',2,'Изменен weather_location_code.'),(619,'2013-11-17 00:35:13',2,11,'150','Егоровщина',2,'Изменен weather_location_code.'),(620,'2013-11-17 00:36:02',2,11,'358','Едогон',2,'Изменен weather_location_code.'),(621,'2013-11-17 00:36:59',2,11,'297','Еланцы',2,'Изменен weather_location_code.'),(622,'2013-11-17 00:44:44',2,11,'397','Ершово',2,'Изменен weather_location_code.'),(623,'2013-11-17 01:07:43',2,11,'91','Желтура',2,'Изменен weather_location_code.'),(624,'2013-11-17 01:08:30',2,11,'373','Жемчуг',2,'Изменен weather_location_code.'),(625,'2013-11-17 01:10:35',2,11,'101','Жигалово',2,'Изменен weather_location_code.'),(626,'2013-11-17 01:12:07',2,11,'37','Загатуй',2,'Изменен weather_location_code.'),(627,'2013-11-17 01:14:29',2,5,'2','alex',2,'Изменен password и email.'),(628,'2013-11-17 01:19:59',2,12,'5','79025114117',1,''),(629,'2013-11-17 10:54:49',2,11,'459','Зады',2,'Изменен weather_location_code.'),(630,'2013-11-17 10:55:28',2,11,'104','Заиграево',2,'Изменен weather_location_code.'),(631,'2013-11-17 10:57:02',2,11,'324','Заимка',2,'Изменен weather_location_code.'),(632,'2013-11-17 10:57:52',2,11,'374','Зактуй',2,'Изменен weather_location_code.'),(633,'2013-11-17 10:58:40',2,11,'284','Закулей',2,'Изменен weather_location_code.'),(634,'2013-11-17 10:59:36',2,11,'119','Залари',2,'Изменен weather_location_code.'),(635,'2013-11-17 11:00:31',2,11,'274','Замзор',2,'Изменен weather_location_code.'),(636,'2013-11-17 11:01:42',2,11,'25','Заславск',2,'Изменен weather_location_code.'),(637,'2013-11-17 11:02:28',2,11,'263','Заярск',2,'Изменен weather_location_code.'),(638,'2013-11-17 11:03:20',2,11,'405','Звездный',2,'Изменен weather_location_code.'),(639,'2013-11-17 11:05:01',2,11,'429','Зерновое',2,'Изменен weather_location_code.'),(640,'2013-11-17 11:06:03',2,11,'11','Зоны',2,'Изменен weather_location_code.'),(641,'2013-11-17 11:06:47',2,11,'65','Зяба',2,'Изменен weather_location_code.'),(642,'2013-11-17 12:09:32',2,11,'12','Иваническое',2,'Изменен weather_location_code.'),(643,'2013-11-17 12:10:25',2,11,'139','Иволгинск',2,'Изменен weather_location_code.'),(644,'2013-11-17 12:11:55',2,11,'264','Игирма',2,'Изменен weather_location_code.'),(645,'2013-11-17 12:12:46',2,11,'13','Идеал',2,'Изменен weather_location_code.'),(646,'2013-11-17 12:13:31',2,11,'359','Икей',2,'Изменен weather_location_code.'),(647,'2013-11-17 12:14:16',2,11,'311','Ильинка',2,'Изменен weather_location_code.'),(648,'2013-11-17 12:15:37',2,11,'109','Илька',2,'Изменен weather_location_code.'),(649,'2013-11-17 12:16:32',2,11,'194','Истомино',2,'Изменен weather_location_code.'),(650,'2013-11-17 12:17:25',2,11,'360','Ишидей',2,'Изменен weather_location_code.'),(651,'2013-11-21 10:42:24',1,12,'4','79021702030',3,''),(652,'2013-11-21 10:42:24',1,12,'3','79021702030',3,''),(653,'2013-11-21 10:42:24',1,12,'8','79025114117',3,''),(654,'2013-11-21 10:42:24',1,12,'6','79025114117',3,''),(655,'2013-11-21 10:42:24',1,12,'5','79025114117',3,''),(656,'2013-11-23 04:34:39',2,11,'204','Казаченское',2,'Изменен weather_location_code.'),(657,'2013-11-23 04:35:26',2,11,'58','Казачье',2,'Изменен weather_location_code.'),(658,'2013-11-23 04:36:11',2,11,'411','Каймоново',2,'Изменен weather_location_code.'),(659,'2013-11-23 04:37:01',2,11,'80','Калтук',2,'Изменен weather_location_code.'),(660,'2013-11-23 04:38:02',2,11,'275','Камышет',2,'Изменен weather_location_code.'),(661,'2013-11-23 04:39:08',2,11,'268','Карстовая',2,'Изменен weather_location_code.'),(662,'2013-11-23 04:40:12',2,11,'231','Карымск',2,'Изменен weather_location_code.'),(663,'2013-11-23 04:41:04',2,11,'215','Качуг',2,'Изменен weather_location_code.'),(664,'2013-11-23 04:41:38',2,11,'341','Квиток',2,'Изменен weather_location_code.'),(665,'2013-11-23 04:45:50',2,11,'66','Кежемский',2,'Изменен weather_location_code.'),(666,'2013-11-23 04:46:29',2,11,'219','Кижинга',2,'Изменен weather_location_code.'),(667,'2013-11-23 04:47:33',2,11,'134','Кимильтей',2,'Изменен weather_location_code.'),(668,'2013-11-23 04:48:25',2,11,'426','Кирзавод',2,'Изменен weather_location_code.'),(669,'2013-11-23 04:49:17',2,11,'388','Китой',2,'Изменен weather_location_code.'),(670,'2013-11-23 04:50:25',2,11,'81','Ключи-Булак',2,'Изменен weather_location_code.'),(671,'2013-11-23 04:51:09',2,11,'145','Колобки',2,'Изменен weather_location_code.'),(672,'2013-11-23 05:13:28',2,11,'96','Комсомольское',2,'Изменен weather_location_code.'),(673,'2013-11-23 05:14:18',2,11,'349','Конторка',2,'Изменен weather_location_code.'),(674,'2013-11-23 05:15:01',2,11,'463','Корсук',2,'Изменен weather_location_code.'),(675,'2013-11-23 05:16:56',2,11,'158','Коты',2,'Изменен weather_location_code.'),(676,'2013-11-23 05:17:53',2,11,'158','Коты',2,'Изменен weather_location_code.'),(677,'2013-11-23 05:19:45',2,11,'164','Куда',2,'Изменен weather_location_code.'),(678,'2013-11-23 05:20:38',2,11,'244','Кудара-Сомон',2,'Изменен weather_location_code.'),(679,'2013-11-23 05:21:15',2,11,'82','Кузнецовка',2,'Изменен weather_location_code.'),(680,'2013-11-23 05:22:03',2,11,'228','Куйтун',2,'Изменен weather_location_code.'),(681,'2013-11-23 05:24:06',2,11,'332','Култук',2,'Изменен weather_location_code.'),(682,'2013-11-23 05:24:46',2,11,'195','Култушная',2,'Изменен weather_location_code.'),(683,'2013-11-23 05:25:29',2,11,'233','Кундуй',2,'Изменен weather_location_code.'),(684,'2013-11-23 05:26:21',2,11,'111','Курба',2,'Изменен weather_location_code.'),(685,'2013-11-23 05:27:30',2,11,'290','Куркут',2,'Изменен weather_location_code.'),(686,'2013-11-23 05:28:12',2,11,'291','Курма',2,'Изменен weather_location_code.'),(687,'2013-11-23 05:30:12',2,11,'406','Курорт',2,'Изменен weather_location_code.'),(688,'2013-11-23 05:30:54',2,11,'5','Кутулик',2,'Изменен weather_location_code.'),(689,'2013-11-23 05:32:10',2,11,'439','Лесогорск',2,'Изменен weather_location_code.'),(690,'2013-11-23 05:32:52',2,11,'430','Лохово',2,'Изменен weather_location_code.'),(691,'2013-11-23 05:33:59',2,11,'68','Луговой',2,'Изменен weather_location_code.'),(692,'2013-11-23 05:34:43',2,11,'251','Луговский',2,'Изменен weather_location_code.'),(693,'2013-11-23 05:35:35',2,11,'299','Лузгина',2,'Изменен weather_location_code.'),(694,'2013-11-23 05:36:17',2,11,'151','Лыловщина',2,'Изменен weather_location_code.'),(695,'2013-11-23 05:37:03',2,11,'33','Люры',2,'Изменен weather_location_code.'),(696,'2013-11-23 05:37:46',2,11,'202','Магистральный',2,'Изменен weather_location_code.'),(697,'2013-11-23 05:38:41',2,11,'303','Майск',2,'Изменен weather_location_code.'),(698,'2013-11-23 05:39:34',2,11,'303','Майск',2,'Изменен weather_location_code.'),(699,'2013-11-23 05:41:46',2,11,'237','Майский',2,'Изменен weather_location_code.'),(700,'2013-11-23 05:43:51',2,11,'28','Максимиха',2,'Изменен weather_location_code.'),(701,'2013-11-23 05:44:25',2,11,'237','Майский',2,'Изменен weather_location_code.'),(702,'2013-11-23 07:12:24',1,11,'1','Прибой',3,'');
/*!40000 ALTER TABLE `django_admin_log` ENABLE KEYS */;
UNLOCK TABLES;

--
-- Table structure for table `django_content_type`
--

DROP TABLE IF EXISTS `django_content_type`;
/*!40101 SET @saved_cs_client     = @@character_set_client */;
/*!40101 SET character_set_client = utf8 */;
CREATE TABLE `django_content_type` (
  `id` int(11) NOT NULL AUTO_INCREMENT,
  `name` varchar(100) NOT NULL,
  `app_label` varchar(100) NOT NULL,
  `model` varchar(100) NOT NULL,
  PRIMARY KEY (`id`),
  UNIQUE KEY `app_label` (`app_label`,`model`)
) ENGINE=InnoDB AUTO_INCREMENT=14 DEFAULT CHARSET=utf8;
/*!40101 SET character_set_client = @saved_cs_client */;

--
-- Dumping data for table `django_content_type`
--

LOCK TABLES `django_content_type` WRITE;
/*!40000 ALTER TABLE `django_content_type` DISABLE KEYS */;
INSERT INTO `django_content_type` VALUES (1,'bookmark','menu','bookmark'),(2,'dashboard preferences','dashboard','dashboardpreferences'),(3,'permission','auth','permission'),(4,'group','auth','group'),(5,'user','auth','user'),(6,'content type','contenttypes','contenttype'),(7,'session','sessions','session'),(8,'site','sites','site'),(9,'log entry','admin','logentry'),(10,'flat page','flatpages','flatpage'),(11,'Рассылка','sender','mailing'),(12,'Подписчик','sender','subscriber'),(13,'Очередь сообщений','sender','smstask');
/*!40000 ALTER TABLE `django_content_type` ENABLE KEYS */;
UNLOCK TABLES;

--
-- Table structure for table `django_flatpage`
--

DROP TABLE IF EXISTS `django_flatpage`;
/*!40101 SET @saved_cs_client     = @@character_set_client */;
/*!40101 SET character_set_client = utf8 */;
CREATE TABLE `django_flatpage` (
  `id` int(11) NOT NULL AUTO_INCREMENT,
  `url` varchar(100) NOT NULL,
  `title` varchar(200) NOT NULL,
  `content` longtext NOT NULL,
  `enable_comments` tinyint(1) NOT NULL,
  `template_name` varchar(70) NOT NULL,
  `registration_required` tinyint(1) NOT NULL,
  PRIMARY KEY (`id`),
  KEY `django_flatpage_a4b49ab` (`url`)
) ENGINE=InnoDB DEFAULT CHARSET=utf8;
/*!40101 SET character_set_client = @saved_cs_client */;

--
-- Dumping data for table `django_flatpage`
--

LOCK TABLES `django_flatpage` WRITE;
/*!40000 ALTER TABLE `django_flatpage` DISABLE KEYS */;
/*!40000 ALTER TABLE `django_flatpage` ENABLE KEYS */;
UNLOCK TABLES;

--
-- Table structure for table `django_flatpage_sites`
--

DROP TABLE IF EXISTS `django_flatpage_sites`;
/*!40101 SET @saved_cs_client     = @@character_set_client */;
/*!40101 SET character_set_client = utf8 */;
CREATE TABLE `django_flatpage_sites` (
  `id` int(11) NOT NULL AUTO_INCREMENT,
  `flatpage_id` int(11) NOT NULL,
  `site_id` int(11) NOT NULL,
  PRIMARY KEY (`id`),
  UNIQUE KEY `flatpage_id` (`flatpage_id`,`site_id`),
  KEY `django_flatpage_sites_dedefef8` (`flatpage_id`),
  KEY `django_flatpage_sites_6223029` (`site_id`),
  CONSTRAINT `flatpage_id_refs_id_c0e84f5a` FOREIGN KEY (`flatpage_id`) REFERENCES `django_flatpage` (`id`),
  CONSTRAINT `site_id_refs_id_4e3eeb57` FOREIGN KEY (`site_id`) REFERENCES `django_site` (`id`)
) ENGINE=InnoDB DEFAULT CHARSET=utf8;
/*!40101 SET character_set_client = @saved_cs_client */;

--
-- Dumping data for table `django_flatpage_sites`
--

LOCK TABLES `django_flatpage_sites` WRITE;
/*!40000 ALTER TABLE `django_flatpage_sites` DISABLE KEYS */;
/*!40000 ALTER TABLE `django_flatpage_sites` ENABLE KEYS */;
UNLOCK TABLES;

--
-- Table structure for table `django_session`
--

DROP TABLE IF EXISTS `django_session`;
/*!40101 SET @saved_cs_client     = @@character_set_client */;
/*!40101 SET character_set_client = utf8 */;
CREATE TABLE `django_session` (
  `session_key` varchar(40) NOT NULL,
  `session_data` longtext NOT NULL,
  `expire_date` datetime NOT NULL,
  PRIMARY KEY (`session_key`),
  KEY `django_session_c25c2c28` (`expire_date`)
) ENGINE=InnoDB DEFAULT CHARSET=utf8;
/*!40101 SET character_set_client = @saved_cs_client */;

--
-- Dumping data for table `django_session`
--

LOCK TABLES `django_session` WRITE;
/*!40000 ALTER TABLE `django_session` DISABLE KEYS */;
INSERT INTO `django_session` VALUES ('391b4f53ed3558af1918d7384a06fde2','MmZjMmM5NjcyM2Q2ODAzNTMzMjNkZmUzMzNmOTM5ZjMwZmRiNDNkNDqAAn1xAShVEl9hdXRoX3Vz\nZXJfYmFja2VuZHECVSlkamFuZ28uY29udHJpYi5hdXRoLmJhY2tlbmRzLk1vZGVsQmFja2VuZHED\nVQ1fYXV0aF91c2VyX2lkcQSKAQJ1Lg==\n','2013-11-27 03:49:42'),('5cef9949ae7c89a269794f01b4197fc6','MmZjMmM5NjcyM2Q2ODAzNTMzMjNkZmUzMzNmOTM5ZjMwZmRiNDNkNDqAAn1xAShVEl9hdXRoX3Vz\nZXJfYmFja2VuZHECVSlkamFuZ28uY29udHJpYi5hdXRoLmJhY2tlbmRzLk1vZGVsQmFja2VuZHED\nVQ1fYXV0aF91c2VyX2lkcQSKAQJ1Lg==\n','2013-11-30 23:54:07'),('67ebe071f71adfbca86fcfa4208e8059','MjU2YmVhM2M3NjU1NTc0M2JiYmZmOGMzNWQ4YjdiYTZmZTIyMzdhMDqAAn1xAShVEl9hdXRoX3Vz\nZXJfYmFja2VuZHECVSlkamFuZ28uY29udHJpYi5hdXRoLmJhY2tlbmRzLk1vZGVsQmFja2VuZHED\nVQ1fYXV0aF91c2VyX2lkcQSKAQF1Lg==\n','2013-11-24 02:07:01'),('d4192edb7f6689001c35e55dd52d6ea7','MjU2YmVhM2M3NjU1NTc0M2JiYmZmOGMzNWQ4YjdiYTZmZTIyMzdhMDqAAn1xAShVEl9hdXRoX3Vz\nZXJfYmFja2VuZHECVSlkamFuZ28uY29udHJpYi5hdXRoLmJhY2tlbmRzLk1vZGVsQmFja2VuZHED\nVQ1fYXV0aF91c2VyX2lkcQSKAQF1Lg==\n','2013-11-26 01:15:46');
/*!40000 ALTER TABLE `django_session` ENABLE KEYS */;
UNLOCK TABLES;

--
-- Table structure for table `django_site`
--

DROP TABLE IF EXISTS `django_site`;
/*!40101 SET @saved_cs_client     = @@character_set_client */;
/*!40101 SET character_set_client = utf8 */;
CREATE TABLE `django_site` (
  `id` int(11) NOT NULL AUTO_INCREMENT,
  `domain` varchar(100) NOT NULL,
  `name` varchar(50) NOT NULL,
  PRIMARY KEY (`id`)
) ENGINE=InnoDB AUTO_INCREMENT=2 DEFAULT CHARSET=utf8;
/*!40101 SET character_set_client = @saved_cs_client */;

--
-- Dumping data for table `django_site`
--

LOCK TABLES `django_site` WRITE;
/*!40000 ALTER TABLE `django_site` DISABLE KEYS */;
INSERT INTO `django_site` VALUES (1,'example.com','example.com');
/*!40000 ALTER TABLE `django_site` ENABLE KEYS */;
UNLOCK TABLES;

--
-- Table structure for table `sender_mailing`
--

DROP TABLE IF EXISTS `sender_mailing`;
/*!40101 SET @saved_cs_client     = @@character_set_client */;
/*!40101 SET character_set_client = utf8 */;
CREATE TABLE `sender_mailing` (
  `id` int(11) NOT NULL AUTO_INCREMENT,
  `name` varchar(255) NOT NULL,
  `bwc_location_code` varchar(20) DEFAULT NULL,
  `weather_location_code` varchar(20) DEFAULT NULL,
  `create_date` datetime NOT NULL,
  `create_user_id` int(11) DEFAULT NULL,
  PRIMARY KEY (`id`),
  KEY `sender_mailing_b22fdd0f` (`create_user_id`),
  CONSTRAINT `create_user_id_refs_id_1a29e45b` FOREIGN KEY (`create_user_id`) REFERENCES `auth_user` (`id`)
) ENGINE=InnoDB AUTO_INCREMENT=465 DEFAULT CHARSET=utf8;
/*!40101 SET character_set_client = @saved_cs_client */;

--
-- Dumping data for table `sender_mailing`
--

LOCK TABLES `sender_mailing` WRITE;
/*!40000 ALTER TABLE `sender_mailing` DISABLE KEYS */;
INSERT INTO `sender_mailing` VALUES (2,'Ныгда','394',NULL,'2013-11-10 11:19:52',NULL),(3,'Александровск','436','28130','2013-11-10 11:19:52',NULL),(4,'Забитуй','225',NULL,'2013-11-10 11:19:52',NULL),(5,'Кутулик','211','28130','2013-11-10 11:19:52',2),(6,'Табарсук','224','','2013-11-10 11:19:52',1),(7,'Аларь','227','28130','2013-11-10 11:19:52',2),(8,'Аляты','228','28130','2013-11-10 11:19:52',2),(9,'Апхульта','441','28130','2013-11-10 11:19:52',2),(10,'Головинская','423','27532','2013-11-10 11:19:52',2),(11,'Зоны','442','28130','2013-11-10 11:19:52',2),(12,'Иваническое','229','28130','2013-11-10 11:19:52',2),(13,'Идеал','226','28130','2013-11-10 11:19:52',2),(14,'Могоенок','443',NULL,'2013-11-10 11:19:52',NULL),(15,'Ангарск','1','30715','2013-11-10 11:19:52',NULL),(16,'Зверево','8','34534','2013-11-10 11:19:52',NULL),(17,'Майск','4',NULL,'2013-11-10 11:19:52',NULL),(18,'Мегет','9',NULL,'2013-11-10 11:19:53',NULL),(19,'Савватеевка','16',NULL,'2013-11-10 11:19:53',NULL),(20,'Юго-Восточный','5',NULL,'2013-11-10 11:19:53',NULL),(21,'Бабушкин','299','30822','2013-11-10 11:19:53',NULL),(22,'Байкальск','37','30818','2013-11-10 11:19:53',NULL),(23,'Балаганск','158','33932','2013-11-10 11:19:53',2),(24,'Бахтай','444','27532','2013-11-10 11:19:53',2),(25,'Заславск','157','30509','2013-11-10 11:19:53',2),(26,'Баргузин','254','30636','2013-11-10 11:19:53',NULL),(27,'Усть-Баргузин','255','30635','2013-11-10 11:19:53',NULL),(28,'Максимиха','256','30253','2013-11-10 11:19:53',2),(29,'Баянгол','257','30914','2013-11-10 11:19:53',2),(30,'Улюкчикан','258',NULL,'2013-11-10 11:19:53',NULL),(31,'Багдарин','259','30547','2013-11-10 11:19:53',2),(32,'Баяндай','232','30713','2013-11-10 11:19:53',2),(33,'Люры','399','30713','2013-11-10 11:19:53',2),(34,'Половинка','231',NULL,'2013-11-10 11:19:53',NULL),(35,'Каменка','419','27961','2013-11-10 11:19:53',NULL),(36,'Хогот','387',NULL,'2013-11-10 11:19:53',NULL),(37,'Загатуй','230','30713','2013-11-10 11:19:53',2),(38,'Ользоны','462',NULL,'2013-11-10 11:19:53',NULL),(39,'Бирюсинск','95','29588','2013-11-10 11:19:53',NULL),(40,'Потанино','263',NULL,'2013-11-10 11:19:53',NULL),(41,'Бичура','261','30830','2013-11-10 11:19:53',2),(42,'Мулцугун','262',NULL,'2013-11-10 11:19:53',NULL),(43,'Окино-Ключи','260',NULL,'2013-11-10 11:19:53',NULL),(44,'Артёмовск','44',NULL,'2013-11-10 11:19:53',NULL),(45,'Балахнинский','45','30253','2013-11-10 11:19:53',2),(46,'Кропоткин','46','34936','2013-11-10 11:19:53',NULL),(47,'Мамакан','47',NULL,'2013-11-10 11:19:53',NULL),(48,'Маракан','43',NULL,'2013-11-10 11:19:54',NULL),(49,'Перевоз','42','27664','2013-11-10 11:19:54',NULL),(50,'Бодайбо','41','30253','2013-11-10 11:19:54',NULL),(51,'Хоргелок','237',NULL,'2013-11-10 11:19:54',NULL),(52,'Александровское','241',NULL,'2013-11-10 11:19:54',NULL),(53,'Бохан','233','28324','2013-11-10 11:19:54',2),(54,'Дундай','240','28324','2013-11-10 11:19:54',2),(55,'Каменка','242','27961','2013-11-10 11:19:54',NULL),(56,'Тараса','239',NULL,'2013-11-10 11:19:54',NULL),(57,'Тихоновка','234',NULL,'2013-11-10 11:19:54',NULL),(58,'Казачье','236','28324','2013-11-10 11:19:54',2),(59,'Олонки','235',NULL,'2013-11-10 11:19:54',NULL),(60,'Хохорск','238',NULL,'2013-11-10 11:19:54',NULL),(61,'Братск','3','30405','2013-11-10 11:19:54',NULL),(62,'Бикей','34','30405','2013-11-10 11:19:54',2),(63,'Гидростроитель','30','30405','2013-11-10 11:19:54',2),(64,'Добчур','172','30308','2013-11-10 11:19:54',2),(65,'Зяба','35','30405','2013-11-10 11:19:54',2),(66,'Кежемский','155','30405','2013-11-10 11:19:54',2),(67,'Леоново','171',NULL,'2013-11-10 11:19:54',NULL),(68,'Луговой','175','28136','2013-11-10 11:19:54',2),(69,'Падун','31',NULL,'2013-11-10 11:19:54',NULL),(70,'Прибрежный','178',NULL,'2013-11-10 11:19:54',NULL),(71,'Сосновый','176',NULL,'2013-11-10 11:19:54',NULL),(72,'Тангуй','179',NULL,'2013-11-10 11:19:55',NULL),(73,'Турма','169',NULL,'2013-11-10 11:19:55',NULL),(74,'Тэмь','180',NULL,'2013-11-10 11:19:55',NULL),(75,'Чекановский','33',NULL,'2013-11-10 11:19:55',NULL),(76,'Шумилово','468',NULL,'2013-11-10 11:19:55',NULL),(77,'Энергетик','29',NULL,'2013-11-10 11:19:55',NULL),(78,'Падун','32',NULL,'2013-11-10 11:19:55',NULL),(79,'Большеокинское','177','30405','2013-11-10 11:19:55',2),(80,'Калтук','173','30405','2013-11-10 11:19:55',2),(81,'Ключи-Булак','445','30405','2013-11-10 11:19:55',2),(82,'Кузнецовка','36','30308','2013-11-10 11:19:55',2),(83,'Покосное','181',NULL,'2013-11-10 11:19:55',NULL),(84,'Харанжино','174',NULL,'2013-11-10 11:19:55',NULL),(85,'Вихоревка','28','30308','2013-11-10 11:19:55',NULL),(86,'Гусиноозерск','338','30830','2013-11-10 11:19:55',NULL),(87,'Дэдэ-Ичетуй','437','30830','2013-11-10 11:19:55',2),(88,'Джида','265','30830','2013-11-10 11:19:55',2),(89,'Армак','266',NULL,'2013-11-10 11:19:55',NULL),(90,'Белоозерск','267','30830','2013-11-10 11:19:55',2),(91,'Желтура','268','30914','2013-11-10 11:19:55',2),(92,'Оёр','269',NULL,'2013-11-10 11:19:55',NULL),(93,'Петропавловка','264',NULL,'2013-11-10 11:19:55',NULL),(94,'Боргой','270','30830','2013-11-10 11:19:55',2),(95,'Гунда','271','30758','2013-11-10 11:19:55',2),(96,'Комсомольское','272','30758','2013-11-10 11:19:55',2),(97,'Тужинка','273',NULL,'2013-11-10 11:19:55',NULL),(98,'Укыр','274',NULL,'2013-11-10 11:19:55',NULL),(99,'Железногорск-Илимский','51','30316','2013-11-10 11:19:55',NULL),(100,'Чикан','54',NULL,'2013-11-10 11:19:55',NULL),(101,'Жигалово','53','33932','2013-11-10 11:19:55',2),(102,'Могойтуй','425',NULL,'2013-11-10 11:19:55',NULL),(103,'Горхон','276',NULL,'2013-11-10 11:19:56',NULL),(104,'Заиграево','277','30823','2013-11-10 11:19:56',2),(105,'Новоильинск','275',NULL,'2013-11-10 11:19:56',NULL),(106,'Онохой','278',NULL,'2013-11-10 11:19:56',NULL),(108,'Эрхирик','128',NULL,'2013-11-10 11:19:56',NULL),(109,'Илька','280','30823','2013-11-10 11:19:56',2),(110,'Брянь','281',NULL,'2013-11-10 11:19:56',NULL),(111,'Курба','410','30823','2013-11-10 11:19:56',2),(112,'Усть-Брянь','284',NULL,'2013-11-10 11:19:56',NULL),(113,'Челутай','282',NULL,'2013-11-10 11:19:56',NULL),(114,'Шабур','283',NULL,'2013-11-10 11:19:56',NULL),(115,'Тальцы','397',NULL,'2013-11-10 11:19:56',NULL),(116,'Закаменск','285','30914','2013-11-10 11:19:56',NULL),(117,'Михайловка','458','34352','2013-11-10 11:19:56',NULL),(118,'Делюр','359','28807','2013-11-10 11:19:56',2),(119,'Залари','189','27532','2013-11-10 11:19:56',2),(120,'Тыреть','193',NULL,'2013-11-10 11:19:56',NULL),(121,'Бабагай','192','28130','2013-11-10 11:19:56',2),(122,'Владимир','194','27532','2013-11-10 11:19:56',NULL),(123,'Моисеевка','398',NULL,'2013-11-10 11:19:56',NULL),(124,'Мойган','447',NULL,'2013-11-10 11:19:56',NULL),(125,'Новочеремхово','195',NULL,'2013-11-10 11:19:57',NULL),(126,'Тагна','190',NULL,'2013-11-10 11:19:57',NULL),(127,'Троицк','187','28748','2013-11-10 11:19:57',NULL),(128,'Ханжиново','358',NULL,'2013-11-10 11:19:57',NULL),(129,'Холмогой','188',NULL,'2013-11-10 11:19:57',NULL),(130,'Хор-Танга','191',NULL,'2013-11-10 11:19:57',NULL),(131,'Зима','55','30603','2013-11-10 11:19:57',NULL),(132,'Батама','57','30603','2013-11-10 11:19:57',2),(133,'Хазан','56',NULL,'2013-11-10 11:19:57',NULL),(134,'Кимильтей','198','30509','2013-11-10 11:19:57',2),(135,'Масляногорск','199',NULL,'2013-11-10 11:19:57',NULL),(136,'Покровка','197',NULL,'2013-11-10 11:19:57',NULL),(137,'Самара','58','28807','2013-11-10 11:19:57',NULL),(138,'Харайгун','75',NULL,'2013-11-10 11:19:57',NULL),(139,'Иволгинск','289','30823','2013-11-10 11:19:57',2),(140,'Нурселение','129',NULL,'2013-11-10 11:19:57',NULL),(141,'Сосновый бор','396','','2013-11-10 11:19:57',1),(142,'Сотниково','131',NULL,'2013-11-10 11:19:57',NULL),(143,'Гурульба','288','30823','2013-11-10 11:19:57',2),(144,'Ключи','416',NULL,'2013-11-10 11:19:57',NULL),(145,'Колобки','287','30823','2013-11-10 11:19:57',2),(146,'Сотниково','286',NULL,'2013-11-10 11:19:58',NULL),(147,'Иркутск','2','30710','2013-11-10 11:19:58',NULL),(148,'Бурдаковка','249','27457','2013-11-10 11:19:58',2),(149,'Бутырки','374','30713','2013-11-10 11:19:58',2),(150,'Егоровщина','381','30713','2013-11-10 11:19:58',2),(151,'Лыловщина','362','30715','2013-11-10 11:19:58',2),(152,'Новогрудинина','403',NULL,'2013-11-10 11:19:58',NULL),(153,'Новолисиха','414',NULL,'2013-11-10 11:19:58',NULL),(154,'Ревякина','373',NULL,'2013-11-10 11:19:58',NULL),(155,'Усть-Куда','364',NULL,'2013-11-10 11:19:58',NULL),(156,'Никольск','376','27871','2013-11-10 11:19:58',1),(157,'Речка','371',NULL,'2013-11-10 11:19:58',NULL),(158,'Коты','149','30710','2013-11-10 11:19:58',2),(159,'Голоустное','138','30813','2013-11-10 11:19:58',2),(160,'Бурдугуз','427','30813','2013-11-10 11:19:58',2),(161,'Грановщина','384','30715','2013-11-10 11:19:58',2),(162,'Дзержинск','20','27457','2013-11-10 11:19:58',NULL),(163,'Карлук','377',NULL,'2013-11-10 11:19:58',NULL),(164,'Куда','388','30710','2013-11-10 11:19:58',2),(165,'Листвянка','250','30813','2013-11-10 11:19:58',NULL),(166,'Топка','25',NULL,'2013-11-10 11:19:58',NULL),(167,'Марково','21',NULL,'2013-11-10 11:19:58',NULL),(168,'Молодежный','18',NULL,'2013-11-10 11:19:58',NULL),(169,'Никола','253',NULL,'2013-11-10 11:19:58',NULL),(170,'Новоиркутский','27',NULL,'2013-11-10 11:19:59',NULL),(171,'Новоразводная','26',NULL,'2013-11-10 11:19:59',NULL),(172,'Оек','385',NULL,'2013-11-10 11:19:59',NULL),(173,'Патроны','252',NULL,'2013-11-10 11:19:59',NULL),(174,'Плишкино','23',NULL,'2013-11-10 11:19:59',NULL),(175,'Сосновый бор','390','','2013-11-10 11:19:59',1),(176,'Тальцы','402',NULL,'2013-11-10 11:19:59',NULL),(177,'Топкинский','19',NULL,'2013-11-10 11:19:59',NULL),(178,'Урик','369',NULL,'2013-11-10 11:19:59',NULL),(179,'Усть-Балей','370',NULL,'2013-11-10 11:19:59',NULL),(180,'Хомутово','375',NULL,'2013-11-10 11:19:59',NULL),(181,'Голоустное','137','30813','2013-11-10 11:19:59',2),(182,'Мамоны','24',NULL,'2013-11-10 11:19:59',NULL),(183,'Пивовариха','22',NULL,'2013-11-10 11:19:59',NULL),(184,'Факел','448',NULL,'2013-11-10 11:19:59',NULL),(185,'Фофоново','301',NULL,'2013-11-10 11:19:59',NULL),(186,'Выдрино','306','30818','2013-11-10 11:19:59',2),(187,'Кабанск','290','30729','2013-11-10 11:19:59',NULL),(188,'Каменск','292',NULL,'2013-11-10 11:19:59',NULL),(189,'Посольск','300',NULL,'2013-11-10 11:20:00',NULL),(190,'Селенгинск','291',NULL,'2013-11-10 11:20:00',NULL),(191,'Шигаево','293',NULL,'2013-11-10 11:20:00',NULL),(192,'Байкало-Кудара','294',NULL,'2013-11-10 11:20:00',NULL),(194,'Истомино','305','30729','2013-11-10 11:20:00',2),(195,'Култушная','418','30822','2013-11-10 11:20:00',2),(196,'Мишиха','295',NULL,'2013-11-10 11:20:00',NULL),(197,'Оймур','296',NULL,'2013-11-10 11:20:00',NULL),(198,'Сухая','297',NULL,'2013-11-10 11:20:00',NULL),(199,'Энхэлук','298',NULL,'2013-11-10 11:20:00',NULL),(200,'Переёмная','303',NULL,'2013-11-10 11:20:00',NULL),(201,'Танхой','302',NULL,'2013-11-10 11:20:00',NULL),(202,'Магистральный','139','30320','2013-11-10 11:20:00',2),(203,'Улькан','140',NULL,'2013-11-10 11:20:00',NULL),(204,'Казаченское','141','30320','2013-11-10 11:20:00',2),(205,'Ербогачен','48','24817','2013-11-10 11:20:00',NULL),(206,'Непа','49',NULL,'2013-11-10 11:20:00',NULL),(207,'Подволошино','449',NULL,'2013-11-10 11:20:00',NULL),(208,'Преображенка','50',NULL,'2013-11-10 11:20:00',NULL),(209,'Нагалык','450',NULL,'2013-11-10 11:20:00',NULL),(210,'Хальск','200',NULL,'2013-11-10 11:20:00',NULL),(211,'Шишкина','457',NULL,'2013-11-10 11:20:00',NULL),(212,'Щапова','451',NULL,'2013-11-10 11:20:00',NULL),(213,'Бирюлька','432',NULL,'2013-11-10 11:20:00',NULL),(214,'Верхоленск','452','33932','2013-11-10 11:20:00',2),(215,'Качуг','59','33932','2013-11-10 11:20:00',2),(216,'Никилей','383',NULL,'2013-11-10 11:20:01',NULL),(217,'Манзурка','201',NULL,'2013-11-10 11:20:01',NULL),(218,'Харбатова','386',NULL,'2013-11-10 11:20:01',NULL),(219,'Кижинга','307','30823','2013-11-10 11:20:01',2),(220,'Усть-Орот','309',NULL,'2013-11-10 11:20:01',NULL),(221,'Михайловка','459','34352','2013-11-10 11:20:01',NULL),(222,'Новокижингинск','308',NULL,'2013-11-10 11:20:01',NULL),(223,'Киренск','60','30230','2013-11-10 11:20:01',NULL),(224,'Макарово','466',NULL,'2013-11-10 11:20:02',NULL),(225,'Алексеевск','61','30230','2013-11-10 11:20:02',2),(226,'Барлук','63','37223','2013-11-10 11:20:06',2),(227,'Бурук','64','37223','2013-11-10 11:20:06',2),(228,'Куйтун','62','30711','2013-11-10 11:20:07',2),(229,'Тулюшка','203',NULL,'2013-11-10 11:20:07',NULL),(230,'Уховский','210',NULL,'2013-11-10 11:20:07',NULL),(231,'Карымск','408','30509','2013-11-10 11:20:07',2),(232,'Ключи','426',NULL,'2013-11-10 11:20:07',NULL),(233,'Кундуй','202','37223','2013-11-10 11:20:07',2),(234,'Уян','428',NULL,'2013-11-10 11:20:08',NULL),(235,'Курумкан','310','30547','2013-11-10 11:20:08',NULL),(236,'Барагхан','311','30547','2013-11-10 11:20:08',2),(237,'Майский','312','нет в yandex 37223','2013-11-10 11:20:08',2),(238,'Могойто','313',NULL,'2013-11-10 11:20:08',NULL),(239,'Аргада','314','30547','2013-11-10 11:20:08',2),(240,'Кяхта','315','30925','2013-11-10 11:20:08',NULL),(241,'Наушки','317',NULL,'2013-11-10 11:20:08',NULL),(242,'Октябрьский','318','28538','2013-11-10 11:20:08',NULL),(243,'Тамир','429',NULL,'2013-11-10 11:20:08',NULL),(244,'Кудара-Сомон','319','30830','2013-11-10 11:20:08',2),(245,'Усть-Дунгуй','417',NULL,'2013-11-10 11:20:08',NULL),(246,'Усть-Киран','320',NULL,'2013-11-10 11:20:08',NULL),(247,'Усть-Кяхта','316',NULL,'2013-11-10 11:20:08',NULL),(248,'Чикой','439',NULL,'2013-11-10 11:20:08',NULL),(249,'Харлунское','431',NULL,'2013-11-10 11:20:08',NULL),(250,'Витимский','81','30253','2013-11-10 11:20:08',2),(251,'Луговский','82','30253','2013-11-10 11:20:08',2),(252,'Мама','83',NULL,'2013-11-10 11:20:08',NULL),(253,'Таксимо','133',NULL,'2013-11-10 11:20:08',NULL),(254,'Мухоршибирь','325',NULL,'2013-11-10 11:20:08',NULL),(255,'Никольск','322','27871','2013-11-10 11:20:08',NULL),(256,'Саган-Нур','132',NULL,'2013-11-10 11:20:08',NULL),(257,'Тугнуй','438',NULL,'2013-11-10 11:20:08',NULL),(258,'Хонхолой','323',NULL,'2013-11-10 11:20:08',NULL),(259,'Цолга','324',NULL,'2013-11-10 11:20:08',NULL),(260,'Черноярово','321',NULL,'2013-11-10 11:20:08',NULL),(261,'Хошун-Узур','434',NULL,'2013-11-10 11:20:08',NULL),(262,'Видим','154','30316','2013-11-10 11:20:08',2),(263,'Заярск','470','30405','2013-11-10 11:20:08',2),(264,'Игирма','72','30316','2013-11-10 11:20:08',2),(265,'Речушка','153',NULL,'2013-11-10 11:20:08',NULL),(266,'Рудногорск','73',NULL,'2013-11-10 11:20:08',NULL),(267,'Суворовский','52',NULL,'2013-11-10 11:20:09',NULL),(268,'Карстовая','405','30316','2013-11-10 11:20:09',2),(269,'Черная','404',NULL,'2013-11-10 11:20:09',NULL),(270,'Нижнеудинск','67','29698','2013-11-10 11:20:09',NULL),(271,'Алзамай','392','29589','2013-11-10 11:20:09',NULL),(272,'Атагай','68','28136','2013-11-10 11:20:09',2),(273,'Вознесенский','69','29698','2013-11-10 11:20:09',2),(274,'Замзор','391','29589','2013-11-10 11:20:09',2),(275,'Камышет','406','Камышет','2013-11-10 11:20:09',2),(276,'Мельничный','71',NULL,'2013-11-10 11:20:09',NULL),(277,'Ук','185',NULL,'2013-11-10 11:20:09',NULL),(278,'Худоелань','184',NULL,'2013-11-10 11:20:09',NULL),(279,'Шумский','70',NULL,'2013-11-10 11:20:09',NULL),(280,'Шеберта','186',NULL,'2013-11-10 11:20:09',NULL),(281,'Новоленино','161',NULL,'2013-11-10 11:20:09',NULL),(282,'Новонукутский','162',NULL,'2013-11-10 11:20:09',NULL),(283,'Целинный','164',NULL,'2013-11-10 11:20:09',NULL),(284,'Закулей','160','33932','2013-11-10 11:20:09',2),(285,'Нукуты','453',NULL,'2013-11-10 11:20:09',NULL),(286,'Первомайское','163','33932','2013-11-10 11:20:09',NULL),(287,'Хадахан','159',NULL,'2013-11-10 11:20:10',NULL),(288,'Орлик','411',NULL,'2013-11-10 11:20:10',NULL),(289,'Бугульдейка','146','30713','2013-11-10 11:20:10',2),(290,'Куркут','407','30629','2013-11-10 11:20:10',2),(291,'Курма','148','30629','2013-11-10 11:20:10',2),(292,'Петрова','145',NULL,'2013-11-10 11:20:10',NULL),(293,'Борсой','465','30629','2013-11-10 11:20:10',2),(294,'Сахюрта','144',NULL,'2013-11-10 11:20:10',NULL),(295,'Узуры','79',NULL,'2013-11-10 11:20:10',NULL),(296,'Хужир','80','30629','2013-11-10 11:20:10',NULL),(297,'Еланцы','147','30629','2013-11-10 11:20:10',2),(298,'Шара-Тогот','421',NULL,'2013-11-10 11:20:10',NULL),(299,'Лузгина','366','28324','2013-11-10 11:20:10',2),(300,'Грязнушка','245','28324','2013-11-10 11:20:10',2),(301,'Онгосор','365',NULL,'2013-11-10 11:20:10',NULL),(302,'Приморский','247',NULL,'2013-11-10 11:20:10',NULL),(303,'Майск','243','','2013-11-10 11:20:10',2),(304,'Ново-Ленино','395',NULL,'2013-11-10 11:20:10',NULL),(305,'Обуса','367',NULL,'2013-11-10 11:20:10',NULL),(306,'Усть-Алтан','368',NULL,'2013-11-10 11:20:10',NULL),(307,'Мольта','244','','2013-11-10 11:20:10',1),(308,'Оса','248','28324','2013-11-10 11:20:10',1),(309,'Унгин','246','','2013-11-10 11:20:10',1),(310,'Острог','332',NULL,'2013-11-10 11:20:10',NULL),(311,'Ильинка','327','30729','2013-11-10 11:20:10',2),(312,'Турка','329',NULL,'2013-11-10 11:20:10',NULL),(313,'Турунтаево','333',NULL,'2013-11-10 11:20:10',NULL),(314,'Югово','328',NULL,'2013-11-10 11:20:11',NULL),(315,'Горячинск','330','30731','2013-11-10 11:20:11',NULL),(316,'Гремячинск','326','28137','2013-11-10 11:20:11',NULL),(317,'Гурулёво','331',NULL,'2013-11-10 11:20:11',NULL),(318,'Саянск','74','30509','2013-11-10 11:20:11',NULL),(319,'Свирск','76','30614','2013-11-10 11:20:11',NULL),(320,'Северобайкальск','334','30435','2013-11-10 11:20:11',NULL),(321,'Нижнеангарск','335',NULL,'2013-11-10 11:20:11',NULL),(322,'Уоян','336',NULL,'2013-11-10 11:20:11',NULL),(323,'Янчукан','337',NULL,'2013-11-10 11:20:11',NULL),(324,'Заимка','460','30435','2013-11-10 11:20:11',2),(325,'Селендума','340',NULL,'2013-11-10 11:20:11',NULL),(326,'Ардасан','341','30830','2013-11-10 11:20:11',2),(327,'озеро','339',NULL,'2013-11-10 11:20:11',NULL),(328,'Новоселенгинск','342',NULL,'2013-11-10 11:20:11',NULL),(329,'Ташир','343',NULL,'2013-11-10 11:20:11',NULL),(330,'Слюдянка','77','30810','2013-11-10 11:20:11',NULL),(331,'Ангасолка','151','30810','2013-11-10 11:20:11',2),(332,'Култук','65','30810','2013-11-10 11:20:11',2),(333,'Мангутай','78',NULL,'2013-11-10 11:20:11',NULL),(334,'Мурино','38',NULL,'2013-11-10 11:20:11',NULL),(335,'Новоснежная','39',NULL,'2013-11-10 11:20:12',NULL),(336,'Солзан','454',NULL,'2013-11-10 11:20:12',NULL),(337,'Утулик','40',NULL,'2013-11-10 11:20:12',NULL),(338,'Быстрое','66',NULL,'2013-11-10 11:20:12',NULL),(339,'Тайшет','93','29594','2013-11-10 11:20:12',NULL),(340,'Байроновка','96','29594','2013-11-10 11:20:12',2),(341,'Квиток','167','29594','2013-11-10 11:20:12',2),(342,'Николаевка','204',NULL,'2013-11-10 11:20:12',NULL),(343,'Облепиха','440',NULL,'2013-11-10 11:20:12',NULL),(344,'Разгон','393',NULL,'2013-11-10 11:20:12',NULL),(345,'Топорок','165',NULL,'2013-11-10 11:20:12',NULL),(346,'Черемшанка','94',NULL,'2013-11-10 11:20:12',NULL),(347,'Шиткино','166',NULL,'2013-11-10 11:20:12',NULL),(348,'Юрты','97',NULL,'2013-11-10 11:20:12',NULL),(349,'Конторка','205','29588','2013-11-10 11:20:12',2),(350,'Половина-Черемхово','206',NULL,'2013-11-10 11:20:12',NULL),(351,'Николаевское','345',NULL,'2013-11-10 11:20:12',NULL),(352,'Саянтуй','130',NULL,'2013-11-10 11:20:13',NULL),(353,'Тарбагатай','344',NULL,'2013-11-10 11:20:13',NULL),(354,'Тулун','98','30504','2013-11-10 11:20:13',NULL),(355,'Нюра','104',NULL,'2013-11-10 11:20:13',NULL),(356,'Будагово','207','30504','2013-11-10 11:20:13',2),(357,'Гуран','183','30504','2013-11-10 11:20:13',2),(358,'Едогон','100','30504','2013-11-10 11:20:13',2),(359,'Икей','101','30504','2013-11-10 11:20:13',2),(360,'Ишидей','99','30504','2013-11-10 11:20:13',2),(361,'Мугун','433',NULL,'2013-11-10 11:20:13',NULL),(362,'Писарево','102',NULL,'2013-11-10 11:20:13',NULL),(363,'Шерагул','208',NULL,'2013-11-10 11:20:13',NULL),(364,'Алгатуй','103','30504','2013-11-10 11:20:13',2),(365,'Бадар','435','30504','2013-11-10 11:20:13',2),(366,'Буслайка','182','30504','2013-11-10 11:20:13',2),(367,'Гадалей','209','30504','2013-11-10 11:20:13',2),(368,'Аршан','346','29997','2013-11-10 11:20:13',NULL),(369,'Гужиры','352','29997','2013-11-10 11:20:13',2),(370,'Кырен','353','30806','2013-11-10 11:20:13',NULL),(371,'Пустынь','347',NULL,'2013-11-10 11:20:13',NULL),(372,'Торы','348',NULL,'2013-11-10 11:20:13',NULL),(373,'Жемчуг','349','30806','2013-11-10 11:20:13',2),(374,'Зактуй','461','30806','2013-11-10 11:20:13',2),(375,'Монды','350',NULL,'2013-11-10 11:20:13',NULL),(376,'Тунка','351',NULL,'2013-11-10 11:20:13',NULL),(377,'Улан-Удэ','127','30823','2013-11-10 11:20:13',NULL),(378,'Елань','10','34253','2013-11-10 11:20:13',NULL),(379,'Тальяны','6',NULL,'2013-11-10 11:20:13',NULL),(380,'Усолье-Сибирское','116','30712','2013-11-10 11:20:13',NULL),(381,'Белореченское','119',NULL,'2013-11-10 11:20:13',NULL),(382,'Буреть','118','30614','2013-11-10 11:20:13',2),(383,'Мишелёвка','120',NULL,'2013-11-10 11:20:14',NULL),(384,'Новожилкино','14',NULL,'2013-11-10 11:20:14',NULL),(385,'Новомальтинск','124',NULL,'2013-11-10 11:20:14',NULL),(386,'Сосновка','117','28504','2013-11-10 11:20:14',NULL),(387,'Средний','125',NULL,'2013-11-10 11:20:14',NULL),(388,'Китой','13','30715','2013-11-10 11:20:14',2),(389,'Тайтурка','123',NULL,'2013-11-10 11:20:14',NULL),(390,'Биликтуй','15','30715','2013-11-10 11:20:14',2),(391,'Большежилкино','12',NULL,'2013-11-10 11:20:14',NULL),(392,'Одинск','11',NULL,'2013-11-10 11:20:14',NULL),(393,'Раздолье','7',NULL,'2013-11-10 11:20:14',NULL),(394,'Тельма','122',NULL,'2013-11-10 11:20:14',NULL),(395,'Усть-Илимск','113','30117','2013-11-10 11:20:14',NULL),(396,'Дубынино','469','30405','2013-11-10 11:20:14',2),(397,'Ершово','471','30117','2013-11-10 11:20:14',2),(398,'Железнодорожный','114',NULL,'2013-11-10 11:20:14',NULL),(399,'Лесной','115','28136','2013-11-10 11:20:14',NULL),(400,'Эдучанка','136',NULL,'2013-11-10 11:20:14',NULL),(401,'Тубинский','134','','2013-11-10 11:20:14',1),(402,'Седаново','135',NULL,'2013-11-10 11:20:14',NULL),(403,'Усть-Кут','89','30320','2013-11-10 11:20:14',NULL),(404,'Верхнемарково','90','30230','2013-11-10 11:20:14',2),(405,'Звездный','142','30823','2013-11-10 11:20:14',2),(406,'Курорт','91','30830','2013-11-10 11:20:14',2),(407,'Ния','143',NULL,'2013-11-10 11:20:14',NULL),(408,'Мыс','422',NULL,'2013-11-10 11:20:14',NULL),(409,'Якурим','92',NULL,'2013-11-10 11:20:14',NULL),(410,'Янталь','156',NULL,'2013-11-10 11:20:15',NULL),(411,'Каймоново','413','30320','2013-11-10 11:20:15',2),(412,'Малышевка','212',NULL,'2013-11-10 11:20:15',NULL),(413,'Молька','215',NULL,'2013-11-10 11:20:15',NULL),(414,'Усть-Уда','363',NULL,'2013-11-10 11:20:15',NULL),(415,'Уда','401',NULL,'2013-11-10 11:20:15',NULL),(416,'Светлолобово','213',NULL,'2013-11-10 11:20:15',NULL),(417,'Муя','214',NULL,'2013-11-10 11:20:15',NULL),(418,'Хоринск','357',NULL,'2013-11-10 11:20:15',NULL),(419,'Амгаланта','354','30823','2013-11-10 11:20:15',2),(420,'Барун-Хасурта','355','30823','2013-11-10 11:20:15',2),(421,'Тальцы','430',NULL,'2013-11-10 11:20:15',NULL),(422,'Додо-Гол','356','30823','2013-11-10 11:20:15',2),(423,'Черемхово','105','30617','2013-11-10 11:20:15',NULL),(424,'Булай','360','30617','2013-11-10 11:20:15',2),(425,'Жмурово','361',NULL,'2013-11-10 11:20:15',NULL),(426,'Кирзавод','107','30617','2013-11-10 11:20:15',2),(427,'Михайловка','223','34352','2013-11-10 11:20:15',NULL),(428,'Бельск','221','34253','2013-11-10 11:20:15',2),(429,'Зерновое','218','30614','2013-11-10 11:20:15',2),(430,'Лохово','216','30617','2013-11-10 11:20:15',2),(431,'Малиновка','219',NULL,'2013-11-10 11:20:15',NULL),(432,'Нижняя иреть','220','','2013-11-10 11:20:15',1),(433,'Онот','455',NULL,'2013-11-10 11:20:16',NULL),(434,'Парфеново','222',NULL,'2013-11-10 11:20:16',NULL),(435,'Большой луг','126','30711','2013-11-10 11:20:16',2),(436,'Рысево','106','30617','2013-11-10 11:20:16',2),(437,'Чита','424','30758','2013-11-10 11:20:16',NULL),(438,'Веселый','84','29594','2013-11-10 11:20:16',2),(439,'Лесогорск','85','29594','2013-11-10 11:20:16',2),(440,'Новочунка','87',NULL,'2013-11-10 11:20:16',NULL),(441,'Октябрьский','88','28538','2013-11-10 11:20:16',NULL),(442,'Парчум','170',NULL,'2013-11-10 11:20:16',NULL),(443,'Сосновка','168','28504','2013-11-10 11:20:16',NULL),(444,'Чунский','86',NULL,'2013-11-10 11:20:16',NULL),(445,'Шелехов','108','30711','2013-11-10 11:20:16',NULL),(446,'Глубокая','412','30810','2013-11-10 11:20:16',2),(447,'Луг','111',NULL,'2013-11-10 11:20:16',NULL),(448,'Подкаменная','400',NULL,'2013-11-10 11:20:16',NULL),(449,'Баклаши','109','30711','2013-11-10 11:20:16',2),(450,'Моты','152',NULL,'2013-11-10 11:20:16',NULL),(451,'Олха','110',NULL,'2013-11-10 11:20:16',NULL),(452,'Смоленщина','112',NULL,'2013-11-10 11:20:16',NULL),(453,'Ключи','409',NULL,'2013-11-10 11:20:16',NULL),(454,'Шаманка','150',NULL,'2013-11-10 11:20:16',NULL),(455,'Гаханы','379','30713','2013-11-10 11:20:17',2),(456,'Новониколаевск','464',NULL,'2013-11-10 11:20:17',NULL),(457,'Еловка','380',NULL,'2013-11-10 11:20:17',NULL),(458,'Бозой','378','30713','2013-11-10 11:20:17',2),(459,'Зады','456','30713','2013-11-10 11:20:17',2),(460,'Тугутуй','382',NULL,'2013-11-10 11:20:17',NULL),(461,'Усть-Ордынский','121','30713','2013-11-10 11:20:17',NULL),(462,'Ахины','463','28324','2013-11-10 11:20:17',2),(463,'Корсук','389','30713','2013-11-10 11:20:17',2),(464,'Олой','420',NULL,'2013-11-10 11:20:17',NULL);
/*!40000 ALTER TABLE `sender_mailing` ENABLE KEYS */;
UNLOCK TABLES;

--
-- Table structure for table `sender_smstask`
--

DROP TABLE IF EXISTS `sender_smstask`;
/*!40101 SET @saved_cs_client     = @@character_set_client */;
/*!40101 SET character_set_client = utf8 */;
CREATE TABLE `sender_smstask` (
  `id` int(11) NOT NULL AUTO_INCREMENT,
  `mobnum` varchar(12) NOT NULL,
  `in_text` longtext,
  `out_text` longtext NOT NULL,
  `delivery_date` datetime NOT NULL,
  `sent_date` datetime DEFAULT NULL,
  `status` smallint(6) NOT NULL,
  `message_id` int(11) DEFAULT NULL,
  `error` longtext,
  PRIMARY KEY (`id`)
) ENGINE=InnoDB AUTO_INCREMENT=26 DEFAULT CHARSET=utf8;
/*!40101 SET character_set_client = @saved_cs_client */;

--
-- Dumping data for table `sender_smstask`
--

LOCK TABLES `sender_smstask` WRITE;
/*!40000 ALTER TABLE `sender_smstask` DISABLE KEYS */;
INSERT INTO `sender_smstask` VALUES (5,'79021702030','I','Иркутск: -2° C, ясно, восточный ветер 3.0 м/с','2013-11-11 22:28:38','2013-11-11 22:28:44',2,2559808,NULL),(6,'79021702030','L','Иркутск: -2° C, ясно, восточный ветер 3.0 м/с','2013-11-11 22:45:31','2013-11-11 22:45:37',2,2576863,NULL),(7,'79021702030','Ff','Иркутск: -2° C, ясно, восточный ветер 3.0 м/с','2013-11-11 22:50:12','2013-11-11 22:50:18',2,2582295,NULL),(8,'79021702030','J','Иркутск: -5° C, облачно, северо-западный ветер 2.0 м/с','2013-11-12 10:41:30','2013-11-12 10:41:36',2,3440120,NULL),(10,'79021702030','*818#','Иркутск: -2° C, облачно, западный ветер 7.0 м/с','2013-11-16 13:47:51',NULL,1,NULL,NULL),(11,'79021702030','*818#','Иркутск: -2° C, облачно, северо-западный ветер 6.0 м/с','2013-11-16 13:53:53',NULL,1,NULL,NULL),(12,'79021702030','*818#','Иркутск: -2° C, облачно, северо-западный ветер 6.0 м/с','2013-11-16 14:04:59',NULL,1,NULL,NULL),(13,'79021702030','Шер','Иркутск: -3° C, облачно, западный ветер 3.0 м/с','2013-11-16 16:56:15','2013-11-16 16:56:21',2,2405739,NULL),(14,'79025114117','плгек','Иркутск: -10° C, ясно, восточный ветер 3.0 м/с','2013-11-17 05:20:45','2013-11-17 05:21:45',-1,-1,NULL),(15,'79025114117','*818#','Иркутск: -10° C, ясно, восточный ветер 3.0 м/с','2013-11-17 05:22:51',NULL,1,NULL,NULL),(16,'79025114117','*818#','Иркутск: -1° C, ясно, восточный ветер 3.0 м/с','2013-11-17 15:07:27',NULL,1,NULL,NULL),(17,'79021702030','Кл','Иркутск: -4° C, ясно, восточный ветер 3.0 м/с','2013-11-18 03:16:16','2013-11-18 03:16:22',2,5120251,NULL),(18,'79025114117','тест','Иркутск: -2° C, ясно, юго-восточный ветер 5.0 м/с','2013-11-18 07:10:53','2013-11-18 07:10:59',2,5998061,NULL),(19,'79025114117','тест','Иркутск: -2° C, ясно, юго-восточный ветер 5.0 м/с','2013-11-18 07:20:40','2013-11-18 07:20:45',2,6041321,NULL),(20,'79021702030','Y','Иркутск: 0° C, ясно, юго-восточный ветер 4.0 м/с','2013-11-18 14:30:41','2013-11-18 14:30:48',2,6884057,NULL),(21,'79021702030','YJka','Иркутск: 0° C, ясно, юго-восточный ветер 4.0 м/с','2013-11-18 14:30:54','2013-11-18 14:31:03',2,6884371,NULL),(22,'79021702030','Й','Иркутск: 0° C, облачно, западный ветер 5.0 м/с','2013-11-21 15:13:34',NULL,1,NULL,NULL),(23,'79021702030','В','Иркутск: 0° C, облачно, западный ветер 5.0 м/с','2013-11-21 15:20:36','2013-11-21 15:20:45',2,74105,NULL),(24,'79500672985','*818#','Нас. пункт не определен. Отправьте смс с названием на 8181.','2013-11-21 16:03:58',NULL,1,NULL,NULL),(25,'79021702030','Йукхц','Иркутск: -7° C, ясно, восточный ветер 3.0 м/с','2013-11-22 03:37:50','2013-11-22 03:37:53',2,386450,NULL);
/*!40000 ALTER TABLE `sender_smstask` ENABLE KEYS */;
UNLOCK TABLES;

--
-- Table structure for table `sender_subscriber`
--

DROP TABLE IF EXISTS `sender_subscriber`;
/*!40101 SET @saved_cs_client     = @@character_set_client */;
/*!40101 SET character_set_client = utf8 */;
CREATE TABLE `sender_subscriber` (
  `id` int(11) NOT NULL AUTO_INCREMENT,
  `mobnum` varchar(12) NOT NULL,
  `mailing_id` int(11) NOT NULL,
  `status` smallint(6) NOT NULL,
  `create_date` datetime NOT NULL,
  PRIMARY KEY (`id`),
  KEY `sender_subscriber_5904ac78` (`mailing_id`),
  CONSTRAINT `mailing_id_refs_id_b4c05711` FOREIGN KEY (`mailing_id`) REFERENCES `sender_mailing` (`id`)
) ENGINE=InnoDB AUTO_INCREMENT=10 DEFAULT CHARSET=utf8;
/*!40101 SET character_set_client = @saved_cs_client */;

--
-- Dumping data for table `sender_subscriber`
--

LOCK TABLES `sender_subscriber` WRITE;
/*!40000 ALTER TABLE `sender_subscriber` DISABLE KEYS */;
INSERT INTO `sender_subscriber` VALUES (7,'79025114117',147,0,'2013-11-17 15:07:27'),(9,'79021702030',147,0,'2013-11-18 14:30:41');
/*!40000 ALTER TABLE `sender_subscriber` ENABLE KEYS */;
UNLOCK TABLES;
/*!40103 SET TIME_ZONE=@OLD_TIME_ZONE */;

/*!40101 SET SQL_MODE=@OLD_SQL_MODE */;
/*!40014 SET FOREIGN_KEY_CHECKS=@OLD_FOREIGN_KEY_CHECKS */;
/*!40014 SET UNIQUE_CHECKS=@OLD_UNIQUE_CHECKS */;
/*!40101 SET CHARACTER_SET_CLIENT=@OLD_CHARACTER_SET_CLIENT */;
/*!40101 SET CHARACTER_SET_RESULTS=@OLD_CHARACTER_SET_RESULTS */;
/*!40101 SET COLLATION_CONNECTION=@OLD_COLLATION_CONNECTION */;
/*!40111 SET SQL_NOTES=@OLD_SQL_NOTES */;

-- Dump completed on 2013-11-23 11:32:16
