-- MySQL dump 10.13  Distrib 5.5.31, for debian-linux-gnu (x86_64)
--
-- Host: localhost    Database: subsdb
-- ------------------------------------------------------
-- Server version	5.5.31-0+wheezy1

/*!40101 SET @OLD_CHARACTER_SET_CLIENT=@@CHARACTER_SET_CLIENT */;
/*!40101 SET @OLD_CHARACTER_SET_RESULTS=@@CHARACTER_SET_RESULTS */;
/*!40101 SET @OLD_COLLATION_CONNECTION=@@COLLATION_CONNECTION */;
/*!40101 SET NAMES utf8 */;
/*!40103 SET @OLD_TIME_ZONE=@@TIME_ZONE */;
/*!40103 SET TIME_ZONE='+00:00' */;
/*!40014 SET @OLD_UNIQUE_CHECKS=@@UNIQUE_CHECKS, UNIQUE_CHECKS=0 */;
/*!40014 SET @OLD_FOREIGN_KEY_CHECKS=@@FOREIGN_KEY_CHECKS, FOREIGN_KEY_CHECKS=0 */;
/*!40101 SET @OLD_SQL_MODE=@@SQL_MODE, SQL_MODE='NO_AUTO_VALUE_ON_ZERO' */;
/*!40111 SET @OLD_SQL_NOTES=@@SQL_NOTES, SQL_NOTES=0 */;

--
-- Table structure for table `admin_tools_dashboard_preferences`
--

DROP TABLE IF EXISTS `admin_tools_dashboard_preferences`;
/*!40101 SET @saved_cs_client     = @@character_set_client */;
/*!40101 SET character_set_client = utf8 */;
CREATE TABLE `admin_tools_dashboard_preferences` (
  `id` int(11) NOT NULL AUTO_INCREMENT,
  `user_id` int(11) NOT NULL,
  `data` longtext NOT NULL,
  `dashboard_id` varchar(100) NOT NULL,
  PRIMARY KEY (`id`),
  UNIQUE KEY `user_id` (`user_id`,`dashboard_id`),
  KEY `admin_tools_dashboard_preferences_fbfc09f1` (`user_id`),
  CONSTRAINT `user_id_refs_id_f8487376` FOREIGN KEY (`user_id`) REFERENCES `auth_user` (`id`)
) ENGINE=InnoDB AUTO_INCREMENT=4 DEFAULT CHARSET=utf8;
/*!40101 SET character_set_client = @saved_cs_client */;

--
-- Dumping data for table `admin_tools_dashboard_preferences`
--

LOCK TABLES `admin_tools_dashboard_preferences` WRITE;
/*!40000 ALTER TABLE `admin_tools_dashboard_preferences` DISABLE KEYS */;
INSERT INTO `admin_tools_dashboard_preferences` VALUES (1,1,'{}','sender-dashboard'),(2,1,'{}','dashboard'),(3,2,'{}','dashboard');
/*!40000 ALTER TABLE `admin_tools_dashboard_preferences` ENABLE KEYS */;
UNLOCK TABLES;

--
-- Table structure for table `admin_tools_menu_bookmark`
--

DROP TABLE IF EXISTS `admin_tools_menu_bookmark`;
/*!40101 SET @saved_cs_client     = @@character_set_client */;
/*!40101 SET character_set_client = utf8 */;
CREATE TABLE `admin_tools_menu_bookmark` (
  `id` int(11) NOT NULL AUTO_INCREMENT,
  `user_id` int(11) NOT NULL,
  `url` varchar(255) NOT NULL,
  `title` varchar(255) NOT NULL,
  PRIMARY KEY (`id`),
  KEY `admin_tools_menu_bookmark_fbfc09f1` (`user_id`),
  CONSTRAINT `user_id_refs_id_63b2844f` FOREIGN KEY (`user_id`) REFERENCES `auth_user` (`id`)
) ENGINE=InnoDB DEFAULT CHARSET=utf8;
/*!40101 SET character_set_client = @saved_cs_client */;

--
-- Dumping data for table `admin_tools_menu_bookmark`
--

LOCK TABLES `admin_tools_menu_bookmark` WRITE;
/*!40000 ALTER TABLE `admin_tools_menu_bookmark` DISABLE KEYS */;
/*!40000 ALTER TABLE `admin_tools_menu_bookmark` ENABLE KEYS */;
UNLOCK TABLES;

--
-- Table structure for table `auth_group`
--

DROP TABLE IF EXISTS `auth_group`;
/*!40101 SET @saved_cs_client     = @@character_set_client */;
/*!40101 SET character_set_client = utf8 */;
CREATE TABLE `auth_group` (
  `id` int(11) NOT NULL AUTO_INCREMENT,
  `name` varchar(80) NOT NULL,
  PRIMARY KEY (`id`),
  UNIQUE KEY `name` (`name`)
) ENGINE=InnoDB DEFAULT CHARSET=utf8;
/*!40101 SET character_set_client = @saved_cs_client */;

--
-- Dumping data for table `auth_group`
--

LOCK TABLES `auth_group` WRITE;
/*!40000 ALTER TABLE `auth_group` DISABLE KEYS */;
/*!40000 ALTER TABLE `auth_group` ENABLE KEYS */;
UNLOCK TABLES;

--
-- Table structure for table `auth_group_permissions`
--

DROP TABLE IF EXISTS `auth_group_permissions`;
/*!40101 SET @saved_cs_client     = @@character_set_client */;
/*!40101 SET character_set_client = utf8 */;
CREATE TABLE `auth_group_permissions` (
  `id` int(11) NOT NULL AUTO_INCREMENT,
  `group_id` int(11) NOT NULL,
  `permission_id` int(11) NOT NULL,
  PRIMARY KEY (`id`),
  UNIQUE KEY `group_id` (`group_id`,`permission_id`),
  KEY `auth_group_permissions_bda51c3c` (`group_id`),
  KEY `auth_group_permissions_1e014c8f` (`permission_id`),
  CONSTRAINT `group_id_refs_id_3cea63fe` FOREIGN KEY (`group_id`) REFERENCES `auth_group` (`id`),
  CONSTRAINT `permission_id_refs_id_a7792de1` FOREIGN KEY (`permission_id`) REFERENCES `auth_permission` (`id`)
) ENGINE=InnoDB DEFAULT CHARSET=utf8;
/*!40101 SET character_set_client = @saved_cs_client */;

--
-- Dumping data for table `auth_group_permissions`
--

LOCK TABLES `auth_group_permissions` WRITE;
/*!40000 ALTER TABLE `auth_group_permissions` DISABLE KEYS */;
/*!40000 ALTER TABLE `auth_group_permissions` ENABLE KEYS */;
UNLOCK TABLES;

--
-- Table structure for table `auth_permission`
--

DROP TABLE IF EXISTS `auth_permission`;
/*!40101 SET @saved_cs_client     = @@character_set_client */;
/*!40101 SET character_set_client = utf8 */;
CREATE TABLE `auth_permission` (
  `id` int(11) NOT NULL AUTO_INCREMENT,
  `name` varchar(50) NOT NULL,
  `content_type_id` int(11) NOT NULL,
  `codename` varchar(100) NOT NULL,
  PRIMARY KEY (`id`),
  UNIQUE KEY `content_type_id` (`content_type_id`,`codename`),
  KEY `auth_permission_e4470c6e` (`content_type_id`),
  CONSTRAINT `content_type_id_refs_id_728de91f` FOREIGN KEY (`content_type_id`) REFERENCES `django_content_type` (`id`)
) ENGINE=InnoDB AUTO_INCREMENT=40 DEFAULT CHARSET=utf8;
/*!40101 SET character_set_client = @saved_cs_client */;

--
-- Dumping data for table `auth_permission`
--

LOCK TABLES `auth_permission` WRITE;
/*!40000 ALTER TABLE `auth_permission` DISABLE KEYS */;
INSERT INTO `auth_permission` VALUES (1,'Can add bookmark',1,'add_bookmark'),(2,'Can change bookmark',1,'change_bookmark'),(3,'Can delete bookmark',1,'delete_bookmark'),(4,'Can add dashboard preferences',2,'add_dashboardpreferences'),(5,'Can change dashboard preferences',2,'change_dashboardpreferences'),(6,'Can delete dashboard preferences',2,'delete_dashboardpreferences'),(7,'Can add permission',3,'add_permission'),(8,'Can change permission',3,'change_permission'),(9,'Can delete permission',3,'delete_permission'),(10,'Can add group',4,'add_group'),(11,'Can change group',4,'change_group'),(12,'Can delete group',4,'delete_group'),(13,'Can add user',5,'add_user'),(14,'Can change user',5,'change_user'),(15,'Can delete user',5,'delete_user'),(16,'Can add content type',6,'add_contenttype'),(17,'Can change content type',6,'change_contenttype'),(18,'Can delete content type',6,'delete_contenttype'),(19,'Can add session',7,'add_session'),(20,'Can change session',7,'change_session'),(21,'Can delete session',7,'delete_session'),(22,'Can add site',8,'add_site'),(23,'Can change site',8,'change_site'),(24,'Can delete site',8,'delete_site'),(25,'Can add log entry',9,'add_logentry'),(26,'Can change log entry',9,'change_logentry'),(27,'Can delete log entry',9,'delete_logentry'),(28,'Can add flat page',10,'add_flatpage'),(29,'Can change flat page',10,'change_flatpage'),(30,'Can delete flat page',10,'delete_flatpage'),(31,'Can add Рассылка',11,'add_mailing'),(32,'Can change Рассылка',11,'change_mailing'),(33,'Can delete Рассылка',11,'delete_mailing'),(34,'Can add Подписчик',12,'add_subscriber'),(35,'Can change Подписчик',12,'change_subscriber'),(36,'Can delete Подписчик',12,'delete_subscriber'),(37,'Can add Очередь сообщений',13,'add_smstask'),(38,'Can change Очередь сообщений',13,'change_smstask'),(39,'Can delete Очередь сообщений',13,'delete_smstask');
/*!40000 ALTER TABLE `auth_permission` ENABLE KEYS */;
UNLOCK TABLES;

--
-- Table structure for table `auth_user`
--

DROP TABLE IF EXISTS `auth_user`;
/*!40101 SET @saved_cs_client     = @@character_set_client */;
/*!40101 SET character_set_client = utf8 */;
CREATE TABLE `auth_user` (
  `id` int(11) NOT NULL AUTO_INCREMENT,
  `username` varchar(30) NOT NULL,
  `first_name` varchar(30) NOT NULL,
  `last_name` varchar(30) NOT NULL,
  `email` varchar(75) NOT NULL,
  `password` varchar(128) NOT NULL,
  `is_staff` tinyint(1) NOT NULL,
  `is_active` tinyint(1) NOT NULL,
  `is_superuser` tinyint(1) NOT NULL,
  `last_login` datetime NOT NULL,
  `date_joined` datetime NOT NULL,
  PRIMARY KEY (`id`),
  UNIQUE KEY `username` (`username`)
) ENGINE=InnoDB AUTO_INCREMENT=3 DEFAULT CHARSET=utf8;
/*!40101 SET character_set_client = @saved_cs_client */;

--
-- Dumping data for table `auth_user`
--

LOCK TABLES `auth_user` WRITE;
/*!40000 ALTER TABLE `auth_user` DISABLE KEYS */;
INSERT INTO `auth_user` VALUES (1,'pandozer','','','as@as.as','pbkdf2_sha256$10000$4OH0W6P5hkAt$KG1gSDMnQkl0GqCH0kVuvn0/vEy/Td02rMEUq/EhJG0=',1,1,1,'2013-11-24 03:29:57','2013-11-10 02:06:45'),(2,'alex','Алексей','','am.studio.irk@gmail.com','pbkdf2_sha256$10000$5WjvxdTOvMgB$YgCo75oqJUAYsIue6pwYuKlz3odFu6XgZq646RhS2DY=',1,1,1,'2013-12-01 14:09:55','2013-11-12 01:17:01');
/*!40000 ALTER TABLE `auth_user` ENABLE KEYS */;
UNLOCK TABLES;

--
-- Table structure for table `auth_user_groups`
--

DROP TABLE IF EXISTS `auth_user_groups`;
/*!40101 SET @saved_cs_client     = @@character_set_client */;
/*!40101 SET character_set_client = utf8 */;
CREATE TABLE `auth_user_groups` (
  `id` int(11) NOT NULL AUTO_INCREMENT,
  `user_id` int(11) NOT NULL,
  `group_id` int(11) NOT NULL,
  PRIMARY KEY (`id`),
  UNIQUE KEY `user_id` (`user_id`,`group_id`),
  KEY `auth_user_groups_fbfc09f1` (`user_id`),
  KEY `auth_user_groups_bda51c3c` (`group_id`),
  CONSTRAINT `group_id_refs_id_f0ee9890` FOREIGN KEY (`group_id`) REFERENCES `auth_group` (`id`),
  CONSTRAINT `user_id_refs_id_831107f1` FOREIGN KEY (`user_id`) REFERENCES `auth_user` (`id`)
) ENGINE=InnoDB DEFAULT CHARSET=utf8;
/*!40101 SET character_set_client = @saved_cs_client */;

--
-- Dumping data for table `auth_user_groups`
--

LOCK TABLES `auth_user_groups` WRITE;
/*!40000 ALTER TABLE `auth_user_groups` DISABLE KEYS */;
/*!40000 ALTER TABLE `auth_user_groups` ENABLE KEYS */;
UNLOCK TABLES;

--
-- Table structure for table `auth_user_user_permissions`
--

DROP TABLE IF EXISTS `auth_user_user_permissions`;
/*!40101 SET @saved_cs_client     = @@character_set_client */;
/*!40101 SET character_set_client = utf8 */;
CREATE TABLE `auth_user_user_permissions` (
  `id` int(11) NOT NULL AUTO_INCREMENT,
  `user_id` int(11) NOT NULL,
  `permission_id` int(11) NOT NULL,
  PRIMARY KEY (`id`),
  UNIQUE KEY `user_id` (`user_id`,`permission_id`),
  KEY `auth_user_user_permissions_fbfc09f1` (`user_id`),
  KEY `auth_user_user_permissions_1e014c8f` (`permission_id`),
  CONSTRAINT `permission_id_refs_id_67e79cb` FOREIGN KEY (`permission_id`) REFERENCES `auth_permission` (`id`),
  CONSTRAINT `user_id_refs_id_f2045483` FOREIGN KEY (`user_id`) REFERENCES `auth_user` (`id`)
) ENGINE=InnoDB DEFAULT CHARSET=utf8;
/*!40101 SET character_set_client = @saved_cs_client */;

--
-- Dumping data for table `auth_user_user_permissions`
--

LOCK TABLES `auth_user_user_permissions` WRITE;
/*!40000 ALTER TABLE `auth_user_user_permissions` DISABLE KEYS */;
/*!40000 ALTER TABLE `auth_user_user_permissions` ENABLE KEYS */;
UNLOCK TABLES;

--
-- Table structure for table `django_admin_log`
--

DROP TABLE IF EXISTS `django_admin_log`;
/*!40101 SET @saved_cs_client     = @@character_set_client */;
/*!40101 SET character_set_client = utf8 */;
CREATE TABLE `django_admin_log` (
  `id` int(11) NOT NULL AUTO_INCREMENT,
  `action_time` datetime NOT NULL,
  `user_id` int(11) NOT NULL,
  `content_type_id` int(11) DEFAULT NULL,
  `object_id` longtext,
  `object_repr` varchar(200) NOT NULL,
  `action_flag` smallint(5) unsigned NOT NULL,
  `change_message` longtext NOT NULL,
  PRIMARY KEY (`id`),
  KEY `django_admin_log_fbfc09f1` (`user_id`),
  KEY `django_admin_log_e4470c6e` (`content_type_id`),
  CONSTRAINT `content_type_id_refs_id_288599e6` FOREIGN KEY (`content_type_id`) REFERENCES `django_content_type` (`id`),
  CONSTRAINT `user_id_refs_id_c8665aa` FOREIGN KEY (`user_id`) REFERENCES `auth_user` (`id`)
) ENGINE=InnoDB AUTO_INCREMENT=1194 DEFAULT CHARSET=utf8;
/*!40101 SET character_set_client = @saved_cs_client */;

--
-- Dumping data for table `django_admin_log`
--

LOCK TABLES `django_admin_log` WRITE;
/*!40000 ALTER TABLE `django_admin_log` DISABLE KEYS */;
INSERT INTO `django_admin_log` VALUES (1,'2013-11-10 02:11:33',1,11,'6','\"Аларский р-н, п.Табарсук\"',3,''),(2,'2013-11-10 02:11:33',1,11,'7','Аларь',3,''),(3,'2013-11-10 02:11:33',1,11,'3','Александровск',3,''),(4,'2013-11-10 02:11:33',1,11,'8','Аляты',3,''),(5,'2013-11-10 02:11:33',1,11,'15','Ангарск',3,''),(6,'2013-11-10 02:11:33',1,11,'9','Апхульта',3,''),(7,'2013-11-10 02:11:33',1,11,'44','Артёмовск',3,''),(8,'2013-11-10 02:11:33',1,11,'21','Бабушкин',3,''),(9,'2013-11-10 02:11:34',1,11,'31','Багдарин',3,''),(10,'2013-11-10 02:11:34',1,11,'22','Байкальск',3,''),(11,'2013-11-10 02:11:34',1,11,'23','Балаганск',3,''),(12,'2013-11-10 02:11:34',1,11,'45','Балахнинский',3,''),(13,'2013-11-10 02:11:34',1,11,'26','Баргузин',3,''),(14,'2013-11-10 02:11:34',1,11,'24','Бахтай',3,''),(15,'2013-11-10 02:11:34',1,11,'29','Баянгол',3,''),(16,'2013-11-10 02:11:34',1,11,'32','Баяндай',3,''),(17,'2013-11-10 02:11:34',1,11,'39','Бирюсинск',3,''),(18,'2013-11-10 02:11:34',1,11,'41','Бичура',3,''),(19,'2013-11-10 02:11:34',1,11,'50','Бодайбо',3,''),(20,'2013-11-10 02:11:34',1,11,'10','Головинская',3,''),(21,'2013-11-10 02:11:34',1,11,'4','Забитуй',3,''),(22,'2013-11-10 02:11:34',1,11,'37','Загатуй',3,''),(23,'2013-11-10 02:11:34',1,11,'25','Заславск',3,''),(24,'2013-11-10 02:11:34',1,11,'16','Зверево',3,''),(25,'2013-11-10 02:11:34',1,11,'11','Зоны',3,''),(26,'2013-11-10 02:11:34',1,11,'12','Иваническое',3,''),(27,'2013-11-10 02:11:34',1,11,'13','Идеал',3,''),(28,'2013-11-10 02:11:34',1,11,'35','Каменка',3,''),(29,'2013-11-10 02:11:34',1,11,'46','Кропоткин',3,''),(30,'2013-11-10 02:11:34',1,11,'5','Кутулик',3,''),(31,'2013-11-10 02:11:34',1,11,'33','Люры',3,''),(32,'2013-11-10 02:11:34',1,11,'17','Майск',3,''),(33,'2013-11-10 02:11:34',1,11,'28','Максимиха',3,''),(34,'2013-11-10 02:11:34',1,11,'47','Мамакан',3,''),(35,'2013-11-10 02:11:34',1,11,'48','Маракан',3,''),(36,'2013-11-10 02:11:34',1,11,'18','Мегет',3,''),(37,'2013-11-10 02:11:35',1,11,'14','Могоенок',3,''),(38,'2013-11-10 02:11:35',1,11,'42','Мулцугун',3,''),(39,'2013-11-10 02:11:35',1,11,'2','Ныгда',3,''),(40,'2013-11-10 02:11:35',1,11,'43','Окино-Ключи',3,''),(41,'2013-11-10 02:11:35',1,11,'38','Ользоны',3,''),(42,'2013-11-10 02:11:35',1,11,'49','Перевоз',3,''),(43,'2013-11-10 02:11:35',1,11,'34','Половинка',3,''),(44,'2013-11-10 02:11:35',1,11,'40','Потанино',3,''),(45,'2013-11-10 02:11:35',1,11,'1','Прибой',3,''),(46,'2013-11-10 02:11:35',1,11,'19','Савватеевка',3,''),(47,'2013-11-10 02:11:35',1,11,'30','Улюкчикан',3,''),(48,'2013-11-10 02:11:35',1,11,'27','Усть-Баргузин',3,''),(49,'2013-11-10 02:11:35',1,11,'36','Хогот',3,''),(50,'2013-11-10 02:11:35',1,11,'20','Юго-Восточный',3,''),(51,'2013-11-10 02:16:49',1,11,'56','\"Аларский р-н, п.Табарсук\"',3,''),(52,'2013-11-10 02:16:49',1,11,'206','\"Иркутский р-н, д.Никольск\"',3,''),(53,'2013-11-10 02:16:49',1,11,'351','\"Осинский р-н, д.Грязнушка\"',3,''),(54,'2013-11-10 02:16:49',1,11,'358','\"Осинский р-н, с.Мольта\"',3,''),(55,'2013-11-10 02:16:49',1,11,'359','\"Осинский р-н, с.Оса\"',3,''),(56,'2013-11-10 02:16:49',1,11,'360','\"Осинский р-н, с.Унгин\"',3,''),(57,'2013-11-10 02:16:49',1,11,'452','\"Усть-Илимский р-н, п.Тубинский\"',3,''),(58,'2013-11-10 02:16:49',1,11,'487','\"Черемховский р-н, с.Рысево\"',3,''),(59,'2013-11-10 02:16:49',1,11,'57','Аларь',3,''),(60,'2013-11-10 02:16:49',1,11,'415','Алгатуй',3,''),(61,'2013-11-10 02:16:50',1,11,'53','Александровск',3,''),(62,'2013-11-10 02:16:50',1,11,'102','Александровское',3,''),(63,'2013-11-10 02:16:50',1,11,'276','Алексеевск',3,''),(64,'2013-11-10 02:16:50',1,11,'322','Алзамай',3,''),(65,'2013-11-10 02:16:50',1,11,'58','Аляты',3,''),(66,'2013-11-10 02:16:50',1,11,'470','Амгаланта',3,''),(67,'2013-11-10 02:16:50',1,11,'65','Ангарск',3,''),(68,'2013-11-10 02:16:50',1,11,'382','Ангасолка',3,''),(69,'2013-11-10 02:16:50',1,11,'59','Апхульта',3,''),(70,'2013-11-10 02:16:50',1,11,'290','Аргада',3,''),(71,'2013-11-10 02:16:50',1,11,'377','Ардасан',3,''),(72,'2013-11-10 02:16:50',1,11,'139','Армак',3,''),(73,'2013-11-10 02:16:50',1,11,'94','Артёмовск',3,''),(74,'2013-11-10 02:16:50',1,11,'419','Аршан',3,''),(75,'2013-11-10 02:16:50',1,11,'323','Атагай',3,''),(76,'2013-11-10 02:16:50',1,11,'513','Ахины',3,''),(77,'2013-11-10 02:16:50',1,11,'171','Бабагай',3,''),(78,'2013-11-10 02:16:50',1,11,'71','Бабушкин',3,''),(79,'2013-11-10 02:16:50',1,11,'81','Багдарин',3,''),(80,'2013-11-10 02:16:50',1,11,'416','Бадар',3,''),(81,'2013-11-10 02:16:50',1,11,'243','Байкало-Кудара',3,''),(82,'2013-11-10 02:16:50',1,11,'72','Байкальск',3,''),(83,'2013-11-10 02:16:50',1,11,'391','Байроновка',3,''),(84,'2013-11-10 02:16:51',1,11,'500','Баклаши',3,''),(85,'2013-11-10 02:16:51',1,11,'73','Балаганск',3,''),(86,'2013-11-10 02:16:51',1,11,'95','Балахнинский',3,''),(87,'2013-11-10 02:16:51',1,11,'287','Барагхан',3,''),(88,'2013-11-10 02:16:51',1,11,'76','Баргузин',3,''),(89,'2013-11-10 02:16:51',1,11,'277','Барлук',3,''),(90,'2013-11-10 02:16:51',1,11,'471','Барун-Хасурта',3,''),(91,'2013-11-10 02:16:51',1,11,'182','Батама',3,''),(92,'2013-11-10 02:16:51',1,11,'74','Бахтай',3,''),(93,'2013-11-10 02:16:51',1,11,'79','Баянгол',3,''),(94,'2013-11-10 02:16:51',1,11,'82','Баяндай',3,''),(95,'2013-11-10 02:16:51',1,11,'140','Белоозерск',3,''),(96,'2013-11-10 02:16:51',1,11,'432','Белореченское',3,''),(97,'2013-11-10 02:16:51',1,11,'479','Бельск',3,''),(98,'2013-11-10 02:16:51',1,11,'112','Бикей',3,''),(99,'2013-11-10 02:16:51',1,11,'441','Биликтуй',3,''),(100,'2013-11-10 02:16:51',1,11,'264','Бирюлька',3,''),(101,'2013-11-10 02:16:51',1,11,'89','Бирюсинск',3,''),(102,'2013-11-10 02:16:51',1,11,'91','Бичура',3,''),(103,'2013-11-10 02:16:51',1,11,'100','Бодайбо',3,''),(104,'2013-11-10 02:16:51',1,11,'509','Бозой',3,''),(105,'2013-11-10 02:16:51',1,11,'442','Большежилкино',3,''),(106,'2013-11-10 02:16:51',1,11,'129','Большеокинское',3,''),(107,'2013-11-10 02:16:51',1,11,'226','бор',3,''),(108,'2013-11-10 02:16:51',1,11,'191','бор',3,''),(109,'2013-11-10 02:16:52',1,11,'144','Боргой',3,''),(110,'2013-11-10 02:16:52',1,11,'344','Борсой',3,''),(111,'2013-11-10 02:16:52',1,11,'103','Бохан',3,''),(112,'2013-11-10 02:16:52',1,11,'111','Братск',3,''),(113,'2013-11-10 02:16:52',1,11,'160','Брянь',3,''),(114,'2013-11-10 02:16:52',1,11,'340','Бугульдейка',3,''),(115,'2013-11-10 02:16:52',1,11,'407','Будагово',3,''),(116,'2013-11-10 02:16:52',1,11,'475','Булай',3,''),(117,'2013-11-10 02:16:52',1,11,'198','Бурдаковка',3,''),(118,'2013-11-10 02:16:52',1,11,'211','Бурдугуз',3,''),(119,'2013-11-10 02:16:52',1,11,'433','Буреть',3,''),(120,'2013-11-10 02:16:52',1,11,'278','Бурук',3,''),(121,'2013-11-10 02:16:52',1,11,'417','Буслайка',3,''),(122,'2013-11-10 02:16:52',1,11,'199','Бутырки',3,''),(123,'2013-11-10 02:16:52',1,11,'389','Быстрое',3,''),(124,'2013-11-10 02:16:52',1,11,'455','Верхнемарково',3,''),(125,'2013-11-10 02:16:52',1,11,'265','Верхоленск',3,''),(126,'2013-11-10 02:16:52',1,11,'489','Веселый',3,''),(127,'2013-11-10 02:16:52',1,11,'313','Видим',3,''),(128,'2013-11-10 02:16:52',1,11,'301','Витимский',3,''),(129,'2013-11-10 02:16:52',1,11,'135','Вихоревка',3,''),(130,'2013-11-10 02:16:52',1,11,'172','Владимир',3,''),(131,'2013-11-10 02:16:52',1,11,'324','Вознесенский',3,''),(132,'2013-11-10 02:16:52',1,11,'237','Выдрино',3,''),(133,'2013-11-10 02:16:53',1,11,'418','Гадалей',3,''),(134,'2013-11-10 02:16:53',1,11,'506','Гаханы',3,''),(135,'2013-11-10 02:16:53',1,11,'113','Гидростроитель',3,''),(136,'2013-11-10 02:16:53',1,11,'497','Глубокая',3,''),(137,'2013-11-10 02:16:53',1,11,'60','Головинская',3,''),(138,'2013-11-10 02:16:53',1,11,'232','Голоустное',3,''),(139,'2013-11-10 02:16:53',1,11,'210','Голоустное',3,''),(140,'2013-11-10 02:16:53',1,11,'153','Горхон',3,''),(141,'2013-11-10 02:16:53',1,11,'366','Горячинск',3,''),(142,'2013-11-10 02:16:53',1,11,'212','Грановщина',3,''),(143,'2013-11-10 02:16:53',1,11,'367','Гремячинск',3,''),(144,'2013-11-10 02:16:53',1,11,'420','Гужиры',3,''),(145,'2013-11-10 02:16:53',1,11,'145','Гунда',3,''),(146,'2013-11-10 02:16:53',1,11,'408','Гуран',3,''),(147,'2013-11-10 02:16:53',1,11,'368','Гурулёво',3,''),(148,'2013-11-10 02:16:53',1,11,'193','Гурульба',3,''),(149,'2013-11-10 02:16:53',1,11,'136','Гусиноозерск',3,''),(150,'2013-11-10 02:16:53',1,11,'168','Делюр',3,''),(151,'2013-11-10 02:17:01',1,11,'138','Джида',3,''),(152,'2013-11-10 02:17:01',1,11,'213','Дзержинск',3,''),(153,'2013-11-10 02:17:01',1,11,'114','Добчур',3,''),(154,'2013-11-10 02:17:01',1,11,'473','Додо-Гол',3,''),(155,'2013-11-10 02:17:01',1,11,'447','Дубынино',3,''),(156,'2013-11-10 02:17:01',1,11,'104','Дундай',3,''),(157,'2013-11-10 02:17:01',1,11,'137','Дэдэ-Ичетуй',3,''),(158,'2013-11-10 02:17:01',1,11,'200','Егоровщина',3,''),(159,'2013-11-10 02:17:01',1,11,'409','Едогон',3,''),(160,'2013-11-10 02:17:01',1,11,'348','Еланцы',3,''),(161,'2013-11-10 02:17:01',1,11,'429','Елань',3,''),(162,'2013-11-10 02:17:01',1,11,'508','Еловка',3,''),(163,'2013-11-10 02:17:01',1,11,'256','Ербогачен',3,''),(164,'2013-11-10 02:17:01',1,11,'448','Ершово',3,''),(165,'2013-11-10 02:17:01',1,11,'149','Железногорск-Илимский',3,''),(166,'2013-11-10 02:17:02',1,11,'449','Железнодорожный',3,''),(167,'2013-11-10 02:17:02',1,11,'141','Желтура',3,''),(168,'2013-11-10 02:17:02',1,11,'424','Жемчуг',3,''),(169,'2013-11-10 02:17:02',1,11,'151','Жигалово',3,''),(170,'2013-11-10 02:17:02',1,11,'476','Жмурово',3,''),(171,'2013-11-10 02:17:02',1,11,'54','Забитуй',3,''),(172,'2013-11-10 02:17:02',1,11,'87','Загатуй',3,''),(173,'2013-11-10 02:17:02',1,11,'510','Зады',3,''),(174,'2013-11-10 02:17:02',1,11,'154','Заиграево',3,''),(175,'2013-11-10 02:17:02',1,11,'375','Заимка',3,''),(176,'2013-11-10 02:17:02',1,11,'166','Закаменск',3,''),(177,'2013-11-10 02:17:02',1,11,'425','Зактуй',3,''),(178,'2013-11-10 02:17:02',1,11,'335','Закулей',3,''),(179,'2013-11-10 02:17:02',1,11,'169','Залари',3,''),(180,'2013-11-10 02:17:02',1,11,'325','Замзор',3,''),(181,'2013-11-10 02:17:02',1,11,'75','Заславск',3,''),(182,'2013-11-10 02:17:02',1,11,'314','Заярск',3,''),(183,'2013-11-10 02:17:02',1,11,'456','Звездный',3,''),(184,'2013-11-10 02:17:02',1,11,'66','Зверево',3,''),(185,'2013-11-10 02:17:02',1,11,'480','Зерновое',3,''),(186,'2013-11-10 02:17:02',1,11,'181','Зима',3,''),(187,'2013-11-10 02:17:02',1,11,'61','Зоны',3,''),(188,'2013-11-10 02:17:02',1,11,'115','Зяба',3,''),(189,'2013-11-10 02:17:02',1,11,'62','Иваническое',3,''),(190,'2013-11-10 02:17:02',1,11,'189','Иволгинск',3,''),(191,'2013-11-10 02:17:02',1,11,'315','Игирма',3,''),(192,'2013-11-10 02:17:02',1,11,'63','Идеал',3,''),(193,'2013-11-10 02:17:02',1,11,'410','Икей',3,''),(194,'2013-11-10 02:17:02',1,11,'362','Ильинка',3,''),(195,'2013-11-10 02:17:02',1,11,'159','Илька',3,''),(196,'2013-11-10 02:17:02',1,11,'483','иреть',3,''),(197,'2013-11-10 02:17:03',1,11,'197','Иркутск',3,''),(198,'2013-11-10 02:17:03',1,11,'245','Истомино',3,''),(199,'2013-11-10 02:17:03',1,11,'411','Ишидей',3,''),(200,'2013-11-10 02:17:03',1,11,'238','Кабанск',3,''),(201,'2013-11-10 02:17:03',1,11,'255','Казаченское',3,''),(202,'2013-11-10 02:17:03',1,11,'108','Казачье',3,''),(203,'2013-11-10 02:17:03',1,11,'462','Каймоново',3,''),(204,'2013-11-10 02:17:03',1,11,'130','Калтук',3,''),(205,'2013-11-10 02:17:03',1,11,'105','Каменка',3,''),(206,'2013-11-10 02:17:03',1,11,'85','Каменка',3,''),(207,'2013-11-10 02:17:03',1,11,'239','Каменск',3,''),(208,'2013-11-10 02:17:03',1,11,'326','Камышет',3,''),(209,'2013-11-10 02:17:03',1,11,'214','Карлук',3,''),(210,'2013-11-10 02:17:03',1,11,'319','Карстовая',3,''),(211,'2013-11-10 02:17:03',1,11,'282','Карымск',3,''),(212,'2013-11-10 02:17:03',1,11,'266','Качуг',3,''),(213,'2013-11-10 02:17:03',1,11,'392','Квиток',3,''),(214,'2013-11-10 02:17:03',1,11,'116','Кежемский',3,''),(215,'2013-11-10 02:17:03',1,11,'270','Кижинга',3,''),(216,'2013-11-10 02:17:03',1,11,'184','Кимильтей',3,''),(217,'2013-11-10 02:17:03',1,11,'274','Киренск',3,''),(218,'2013-11-10 02:17:04',1,11,'477','Кирзавод',3,''),(219,'2013-11-10 02:17:04',1,11,'439','Китой',3,''),(220,'2013-11-10 02:17:04',1,11,'157','ключ',3,''),(221,'2013-11-10 02:17:04',1,11,'504','Ключи',3,''),(222,'2013-11-10 02:17:04',1,11,'283','Ключи',3,''),(223,'2013-11-10 02:17:04',1,11,'194','Ключи',3,''),(224,'2013-11-10 02:17:04',1,11,'131','Ключи-Булак',3,''),(225,'2013-11-10 02:17:04',1,11,'195','Колобки',3,''),(226,'2013-11-10 02:17:04',1,11,'146','Комсомольское',3,''),(227,'2013-11-10 02:17:04',1,11,'400','Конторка',3,''),(228,'2013-11-10 02:17:04',1,11,'514','Корсук',3,''),(229,'2013-11-10 02:17:04',1,11,'209','Коты',3,''),(230,'2013-11-10 02:17:04',1,11,'96','Кропоткин',3,''),(231,'2013-11-10 02:17:04',1,11,'215','Куда',3,''),(232,'2013-11-10 02:17:04',1,11,'295','Кудара-Сомон',3,''),(233,'2013-11-10 02:17:04',1,11,'132','Кузнецовка',3,''),(234,'2013-11-10 02:17:04',1,11,'279','Куйтун',3,''),(235,'2013-11-10 02:17:04',1,11,'383','Култук',3,''),(236,'2013-11-10 02:17:04',1,11,'246','Култушная',3,''),(237,'2013-11-10 02:17:04',1,11,'284','Кундуй',3,''),(238,'2013-11-10 02:17:04',1,11,'161','Курба',3,''),(239,'2013-11-10 02:17:04',1,11,'341','Куркут',3,''),(240,'2013-11-10 02:17:05',1,11,'342','Курма',3,''),(241,'2013-11-10 02:17:05',1,11,'457','Курорт',3,''),(242,'2013-11-10 02:17:05',1,11,'286','Курумкан',3,''),(243,'2013-11-10 02:17:05',1,11,'55','Кутулик',3,''),(244,'2013-11-10 02:17:05',1,11,'421','Кырен',3,''),(245,'2013-11-10 02:17:05',1,11,'291','Кяхта',3,''),(246,'2013-11-10 02:17:05',1,11,'117','Леоново',3,''),(247,'2013-11-10 02:17:05',1,11,'450','Лесной',3,''),(248,'2013-11-10 02:17:05',1,11,'490','Лесогорск',3,''),(249,'2013-11-10 02:17:05',1,11,'216','Листвянка',3,''),(250,'2013-11-10 02:17:05',1,11,'481','Лохово',3,''),(251,'2013-11-10 02:17:12',1,11,'498','Луг',3,''),(252,'2013-11-10 02:17:12',1,11,'486','луг',3,''),(253,'2013-11-10 02:17:12',1,11,'118','Луговой',3,''),(254,'2013-11-10 02:17:12',1,11,'302','Луговский',3,''),(255,'2013-11-10 02:17:12',1,11,'350','Лузгина',3,''),(256,'2013-11-10 02:17:12',1,11,'201','Лыловщина',3,''),(257,'2013-11-10 02:17:12',1,11,'83','Люры',3,''),(258,'2013-11-10 02:17:12',1,11,'253','Магистральный',3,''),(259,'2013-11-10 02:17:12',1,11,'354','Майск',3,''),(260,'2013-11-10 02:17:12',1,11,'67','Майск',3,''),(261,'2013-11-10 02:17:12',1,11,'288','Майский',3,''),(262,'2013-11-10 02:17:12',1,11,'275','Макарово',3,''),(263,'2013-11-10 02:17:12',1,11,'78','Максимиха',3,''),(264,'2013-11-10 02:17:12',1,11,'482','Малиновка',3,''),(265,'2013-11-10 02:17:12',1,11,'463','Малышевка',3,''),(266,'2013-11-10 02:17:12',1,11,'303','Мама',3,''),(267,'2013-11-10 02:17:12',1,11,'97','Мамакан',3,''),(268,'2013-11-10 02:17:12',1,11,'233','Мамоны',3,''),(269,'2013-11-10 02:17:12',1,11,'384','Мангутай',3,''),(270,'2013-11-10 02:17:13',1,11,'268','Манзурка',3,''),(271,'2013-11-10 02:17:13',1,11,'98','Маракан',3,''),(272,'2013-11-10 02:17:13',1,11,'218','Марково',3,''),(273,'2013-11-10 02:17:13',1,11,'185','Масляногорск',3,''),(274,'2013-11-10 02:17:13',1,11,'68','Мегет',3,''),(275,'2013-11-10 02:17:13',1,11,'327','Мельничный',3,''),(276,'2013-11-10 02:17:13',1,11,'478','Михайловка',3,''),(277,'2013-11-10 02:17:13',1,11,'272','Михайловка',3,''),(278,'2013-11-10 02:17:13',1,11,'167','Михайловка',3,''),(279,'2013-11-10 02:17:13',1,11,'434','Мишелёвка',3,''),(280,'2013-11-10 02:17:13',1,11,'247','Мишиха',3,''),(281,'2013-11-10 02:17:13',1,11,'64','Могоенок',3,''),(282,'2013-11-10 02:17:13',1,11,'289','Могойто',3,''),(283,'2013-11-10 02:17:13',1,11,'152','Могойтуй',3,''),(284,'2013-11-10 02:17:13',1,11,'173','Моисеевка',3,''),(285,'2013-11-10 02:17:13',1,11,'174','Мойган',3,''),(286,'2013-11-10 02:17:13',1,11,'219','Молодежный',3,''),(287,'2013-11-10 02:17:13',1,11,'464','Молька',3,''),(288,'2013-11-10 02:17:13',1,11,'426','Монды',3,''),(289,'2013-11-10 02:17:13',1,11,'501','Моты',3,''),(290,'2013-11-10 02:17:13',1,11,'412','Мугун',3,''),(291,'2013-11-10 02:17:13',1,11,'92','Мулцугун',3,''),(292,'2013-11-10 02:17:13',1,11,'385','Мурино',3,''),(293,'2013-11-10 02:17:13',1,11,'305','Мухоршибирь',3,''),(294,'2013-11-10 02:17:13',1,11,'468','Муя',3,''),(295,'2013-11-10 02:17:13',1,11,'459','Мыс',3,''),(296,'2013-11-10 02:17:13',1,11,'260','Нагалык',3,''),(297,'2013-11-10 02:17:13',1,11,'292','Наушки',3,''),(298,'2013-11-10 02:17:13',1,11,'257','Непа',3,''),(299,'2013-11-10 02:17:14',1,11,'372','Нижнеангарск',3,''),(300,'2013-11-10 02:17:14',1,11,'321','Нижнеудинск',3,''),(301,'2013-11-10 02:17:14',1,11,'267','Никилей',3,''),(302,'2013-11-10 02:17:14',1,11,'220','Никола',3,''),(303,'2013-11-10 02:17:14',1,11,'393','Николаевка',3,''),(304,'2013-11-10 02:17:14',1,11,'402','Николаевское',3,''),(305,'2013-11-10 02:17:14',1,11,'306','Никольск',3,''),(306,'2013-11-10 02:17:14',1,11,'458','Ния',3,''),(307,'2013-11-10 02:17:14',1,11,'355','Ново-Ленино',3,''),(308,'2013-11-10 02:17:14',1,11,'202','Новогрудинина',3,''),(309,'2013-11-10 02:17:14',1,11,'435','Новожилкино',3,''),(310,'2013-11-10 02:17:14',1,11,'155','Новоильинск',3,''),(311,'2013-11-10 02:17:14',1,11,'221','Новоиркутский',3,''),(312,'2013-11-10 02:17:14',1,11,'273','Новокижингинск',3,''),(313,'2013-11-10 02:17:14',1,11,'332','Новоленино',3,''),(314,'2013-11-10 02:17:14',1,11,'203','Новолисиха',3,''),(315,'2013-11-10 02:17:14',1,11,'436','Новомальтинск',3,''),(316,'2013-11-10 02:17:14',1,11,'507','Новониколаевск',3,''),(317,'2013-11-10 02:17:15',1,11,'333','Новонукутский',3,''),(318,'2013-11-10 02:17:15',1,11,'222','Новоразводная',3,''),(319,'2013-11-10 02:17:15',1,11,'379','Новоселенгинск',3,''),(320,'2013-11-10 02:17:15',1,11,'386','Новоснежная',3,''),(321,'2013-11-10 02:17:15',1,11,'175','Новочеремхово',3,''),(322,'2013-11-10 02:17:15',1,11,'491','Новочунка',3,''),(323,'2013-11-10 02:17:15',1,11,'336','Нукуты',3,''),(324,'2013-11-10 02:17:15',1,11,'190','Нурселение',3,''),(325,'2013-11-10 02:17:15',1,11,'52','Ныгда',3,''),(326,'2013-11-10 02:17:15',1,11,'406','Нюра',3,''),(327,'2013-11-10 02:17:15',1,11,'394','Облепиха',3,''),(328,'2013-11-10 02:17:15',1,11,'356','Обуса',3,''),(329,'2013-11-10 02:17:15',1,11,'443','Одинск',3,''),(330,'2013-11-10 02:17:15',1,11,'223','Оек',3,''),(331,'2013-11-10 02:17:15',1,11,'142','Оёр',3,''),(332,'2013-11-10 02:17:15',1,11,'378','озеро',3,''),(333,'2013-11-10 02:17:15',1,11,'248','Оймур',3,''),(334,'2013-11-10 02:17:15',1,11,'93','Окино-Ключи',3,''),(335,'2013-11-10 02:17:15',1,11,'492','Октябрьский',3,''),(336,'2013-11-10 02:17:15',1,11,'293','Октябрьский',3,''),(337,'2013-11-10 02:17:15',1,11,'515','Олой',3,''),(338,'2013-11-10 02:17:15',1,11,'109','Олонки',3,''),(339,'2013-11-10 02:17:15',1,11,'502','Олха',3,''),(340,'2013-11-10 02:17:15',1,11,'88','Ользоны',3,''),(341,'2013-11-10 02:17:16',1,11,'352','Онгосор',3,''),(342,'2013-11-10 02:17:16',1,11,'484','Онот',3,''),(343,'2013-11-10 02:17:16',1,11,'156','Онохой',3,''),(344,'2013-11-10 02:17:16',1,11,'339','Орлик',3,''),(345,'2013-11-10 02:17:16',1,11,'361','Острог',3,''),(346,'2013-11-10 02:17:16',1,11,'128','Падун',3,''),(347,'2013-11-10 02:17:16',1,11,'119','Падун',3,''),(348,'2013-11-10 02:17:16',1,11,'485','Парфеново',3,''),(349,'2013-11-10 02:17:16',1,11,'493','Парчум',3,''),(350,'2013-11-10 02:17:16',1,11,'224','Патроны',3,''),(351,'2013-11-10 02:17:22',1,11,'337','Первомайское',3,''),(352,'2013-11-10 02:17:22',1,11,'99','Перевоз',3,''),(353,'2013-11-10 02:17:22',1,11,'251','Переёмная',3,''),(354,'2013-11-10 02:17:22',1,11,'343','Петрова',3,''),(355,'2013-11-10 02:17:22',1,11,'143','Петропавловка',3,''),(356,'2013-11-10 02:17:22',1,11,'234','Пивовариха',3,''),(357,'2013-11-10 02:17:22',1,11,'413','Писарево',3,''),(358,'2013-11-10 02:17:22',1,11,'225','Плишкино',3,''),(359,'2013-11-10 02:17:22',1,11,'258','Подволошино',3,''),(360,'2013-11-10 02:17:22',1,11,'499','Подкаменная',3,''),(361,'2013-11-10 02:17:22',1,11,'133','Покосное',3,''),(362,'2013-11-10 02:17:22',1,11,'186','Покровка',3,''),(363,'2013-11-10 02:17:22',1,11,'401','Половина-Черемхово',3,''),(364,'2013-11-10 02:17:22',1,11,'84','Половинка',3,''),(365,'2013-11-10 02:17:22',1,11,'240','Посольск',3,''),(366,'2013-11-10 02:17:22',1,11,'90','Потанино',3,''),(367,'2013-11-10 02:17:22',1,11,'259','Преображенка',3,''),(368,'2013-11-10 02:17:22',1,11,'51','Прибой',3,''),(369,'2013-11-10 02:17:22',1,11,'120','Прибрежный',3,''),(370,'2013-11-10 02:17:22',1,11,'353','Приморский',3,''),(371,'2013-11-10 02:17:22',1,11,'422','Пустынь',3,''),(372,'2013-11-10 02:17:22',1,11,'395','Разгон',3,''),(373,'2013-11-10 02:17:22',1,11,'444','Раздолье',3,''),(374,'2013-11-10 02:17:22',1,11,'204','Ревякина',3,''),(375,'2013-11-10 02:17:23',1,11,'244','речка',3,''),(376,'2013-11-10 02:17:23',1,11,'208','Речка',3,''),(377,'2013-11-10 02:17:23',1,11,'207','Речка',3,''),(378,'2013-11-10 02:17:23',1,11,'316','Речушка',3,''),(379,'2013-11-10 02:17:23',1,11,'317','Рудногорск',3,''),(380,'2013-11-10 02:17:23',1,11,'69','Савватеевка',3,''),(381,'2013-11-10 02:17:23',1,11,'307','Саган-Нур',3,''),(382,'2013-11-10 02:17:23',1,11,'187','Самара',3,''),(383,'2013-11-10 02:17:23',1,11,'345','Сахюрта',3,''),(384,'2013-11-10 02:17:23',1,11,'369','Саянск',3,''),(385,'2013-11-10 02:17:23',1,11,'403','Саянтуй',3,''),(386,'2013-11-10 02:17:23',1,11,'467','Светлолобово',3,''),(387,'2013-11-10 02:17:23',1,11,'370','Свирск',3,''),(388,'2013-11-10 02:17:23',1,11,'371','Северобайкальск',3,''),(389,'2013-11-10 02:17:23',1,11,'453','Седаново',3,''),(390,'2013-11-10 02:17:23',1,11,'241','Селенгинск',3,''),(391,'2013-11-10 02:17:23',1,11,'376','Селендума',3,''),(392,'2013-11-10 02:17:23',1,11,'381','Слюдянка',3,''),(393,'2013-11-10 02:17:23',1,11,'503','Смоленщина',3,''),(394,'2013-11-10 02:17:23',1,11,'387','Солзан',3,''),(395,'2013-11-10 02:17:23',1,11,'494','Сосновка',3,''),(396,'2013-11-10 02:17:23',1,11,'437','Сосновка',3,''),(397,'2013-11-10 02:17:23',1,11,'121','Сосновый',3,''),(398,'2013-11-10 02:17:23',1,11,'196','Сотниково',3,''),(399,'2013-11-10 02:17:23',1,11,'192','Сотниково',3,''),(400,'2013-11-10 02:17:23',1,11,'438','Средний',3,''),(401,'2013-11-10 02:17:23',1,11,'318','Суворовский',3,''),(402,'2013-11-10 02:17:24',1,11,'249','Сухая',3,''),(403,'2013-11-10 02:17:24',1,11,'176','Тагна',3,''),(404,'2013-11-10 02:17:24',1,11,'440','Тайтурка',3,''),(405,'2013-11-10 02:17:24',1,11,'390','Тайшет',3,''),(406,'2013-11-10 02:17:24',1,11,'304','Таксимо',3,''),(407,'2013-11-10 02:17:24',1,11,'472','Тальцы',3,''),(408,'2013-11-10 02:17:24',1,11,'227','Тальцы',3,''),(409,'2013-11-10 02:17:24',1,11,'165','Тальцы',3,''),(410,'2013-11-10 02:17:24',1,11,'430','Тальяны',3,''),(411,'2013-11-10 02:17:24',1,11,'294','Тамир',3,''),(412,'2013-11-10 02:17:24',1,11,'122','Тангуй',3,''),(413,'2013-11-10 02:17:24',1,11,'252','Танхой',3,''),(414,'2013-11-10 02:17:24',1,11,'106','Тараса',3,''),(415,'2013-11-10 02:17:24',1,11,'404','Тарбагатай',3,''),(416,'2013-11-10 02:17:24',1,11,'380','Ташир',3,''),(417,'2013-11-10 02:17:24',1,11,'445','Тельма',3,''),(418,'2013-11-10 02:17:24',1,11,'107','Тихоновка',3,''),(419,'2013-11-10 02:17:24',1,11,'217','Топка',3,''),(420,'2013-11-10 02:17:24',1,11,'228','Топкинский',3,''),(421,'2013-11-10 02:17:24',1,11,'396','Топорок',3,''),(422,'2013-11-10 02:17:25',1,11,'423','Торы',3,''),(423,'2013-11-10 02:17:25',1,11,'177','Троицк',3,''),(424,'2013-11-10 02:17:25',1,11,'308','Тугнуй',3,''),(425,'2013-11-10 02:17:25',1,11,'511','Тугутуй',3,''),(426,'2013-11-10 02:17:25',1,11,'147','Тужинка',3,''),(427,'2013-11-10 02:17:25',1,11,'405','Тулун',3,''),(428,'2013-11-10 02:17:25',1,11,'280','Тулюшка',3,''),(429,'2013-11-10 02:17:25',1,11,'427','Тунка',3,''),(430,'2013-11-10 02:17:25',1,11,'363','Турка',3,''),(431,'2013-11-10 02:17:25',1,11,'123','Турма',3,''),(432,'2013-11-10 02:17:25',1,11,'364','Турунтаево',3,''),(433,'2013-11-10 02:17:25',1,11,'170','Тыреть',3,''),(434,'2013-11-10 02:17:25',1,11,'124','Тэмь',3,''),(435,'2013-11-10 02:17:25',1,11,'466','Уда',3,''),(436,'2013-11-10 02:17:25',1,11,'346','Узуры',3,''),(437,'2013-11-10 02:17:25',1,11,'328','Ук',3,''),(438,'2013-11-10 02:17:25',1,11,'148','Укыр',3,''),(439,'2013-11-10 02:17:25',1,11,'428','Улан-Удэ',3,''),(440,'2013-11-10 02:17:25',1,11,'254','Улькан',3,''),(441,'2013-11-10 02:17:25',1,11,'80','Улюкчикан',3,''),(442,'2013-11-10 02:17:25',1,11,'373','Уоян',3,''),(443,'2013-11-10 02:17:25',1,11,'229','Урик',3,''),(444,'2013-11-10 02:17:25',1,11,'431','Усолье-Сибирское',3,''),(445,'2013-11-10 02:17:25',1,11,'357','Усть-Алтан',3,''),(446,'2013-11-10 02:17:25',1,11,'230','Усть-Балей',3,''),(447,'2013-11-10 02:17:25',1,11,'77','Усть-Баргузин',3,''),(448,'2013-11-10 02:17:25',1,11,'162','Усть-Брянь',3,''),(449,'2013-11-10 02:17:25',1,11,'296','Усть-Дунгуй',3,''),(450,'2013-11-10 02:17:25',1,11,'446','Усть-Илимск',3,''),(451,'2013-11-10 02:17:31',1,11,'297','Усть-Киран',3,''),(452,'2013-11-10 02:17:32',1,11,'205','Усть-Куда',3,''),(453,'2013-11-10 02:17:32',1,11,'454','Усть-Кут',3,''),(454,'2013-11-10 02:17:32',1,11,'298','Усть-Кяхта',3,''),(455,'2013-11-10 02:17:32',1,11,'512','Усть-Ордынский',3,''),(456,'2013-11-10 02:17:32',1,11,'271','Усть-Орот',3,''),(457,'2013-11-10 02:17:32',1,11,'465','Усть-Уда',3,''),(458,'2013-11-10 02:17:32',1,11,'388','Утулик',3,''),(459,'2013-11-10 02:17:32',1,11,'281','Уховский',3,''),(460,'2013-11-10 02:17:32',1,11,'285','Уян',3,''),(461,'2013-11-10 02:17:32',1,11,'235','Факел',3,''),(462,'2013-11-10 02:17:32',1,11,'236','Фофоново',3,''),(463,'2013-11-10 02:17:32',1,11,'338','Хадахан',3,''),(464,'2013-11-10 02:17:32',1,11,'183','Хазан',3,''),(465,'2013-11-10 02:17:32',1,11,'261','Хальск',3,''),(466,'2013-11-10 02:17:32',1,11,'178','Ханжиново',3,''),(467,'2013-11-10 02:17:32',1,11,'188','Харайгун',3,''),(468,'2013-11-10 02:17:32',1,11,'134','Харанжино',3,''),(469,'2013-11-10 02:17:32',1,11,'269','Харбатова',3,''),(470,'2013-11-10 02:17:32',1,11,'300','Харлунское',3,''),(471,'2013-11-10 02:17:32',1,11,'86','Хогот',3,''),(472,'2013-11-10 02:17:32',1,11,'179','Холмогой',3,''),(473,'2013-11-10 02:17:32',1,11,'231','Хомутово',3,''),(474,'2013-11-10 02:17:32',1,11,'309','Хонхолой',3,''),(475,'2013-11-10 02:17:33',1,11,'180','Хор-Танга',3,''),(476,'2013-11-10 02:17:33',1,11,'101','Хоргелок',3,''),(477,'2013-11-10 02:17:33',1,11,'469','Хоринск',3,''),(478,'2013-11-10 02:17:33',1,11,'110','Хохорск',3,''),(479,'2013-11-10 02:17:33',1,11,'312','Хошун-Узур',3,''),(480,'2013-11-10 02:17:33',1,11,'329','Худоелань',3,''),(481,'2013-11-10 02:17:33',1,11,'347','Хужир',3,''),(482,'2013-11-10 02:17:33',1,11,'334','Целинный',3,''),(483,'2013-11-10 02:17:33',1,11,'310','Цолга',3,''),(484,'2013-11-10 02:17:33',1,11,'125','Чекановский',3,''),(485,'2013-11-10 02:17:33',1,11,'163','Челутай',3,''),(486,'2013-11-10 02:17:33',1,11,'474','Черемхово',3,''),(487,'2013-11-10 02:17:33',1,11,'397','Черемшанка',3,''),(488,'2013-11-10 02:17:33',1,11,'320','Черная',3,''),(489,'2013-11-10 02:17:33',1,11,'311','Черноярово',3,''),(490,'2013-11-10 02:17:33',1,11,'150','Чикан',3,''),(491,'2013-11-10 02:17:34',1,11,'299','Чикой',3,''),(492,'2013-11-10 02:17:34',1,11,'488','Чита',3,''),(493,'2013-11-10 02:17:34',1,11,'495','Чунский',3,''),(494,'2013-11-10 02:17:34',1,11,'164','Шабур',3,''),(495,'2013-11-10 02:17:34',1,11,'505','Шаманка',3,''),(496,'2013-11-10 02:17:34',1,11,'349','Шара-Тогот',3,''),(497,'2013-11-10 02:17:34',1,11,'331','Шеберта',3,''),(498,'2013-11-10 02:17:34',1,11,'496','Шелехов',3,''),(499,'2013-11-10 02:17:34',1,11,'414','Шерагул',3,''),(500,'2013-11-10 02:17:34',1,11,'242','Шигаево',3,''),(501,'2013-11-10 02:17:34',1,11,'398','Шиткино',3,''),(502,'2013-11-10 02:17:34',1,11,'262','Шишкина',3,''),(503,'2013-11-10 02:17:34',1,11,'126','Шумилово',3,''),(504,'2013-11-10 02:17:34',1,11,'330','Шумский',3,''),(505,'2013-11-10 02:17:34',1,11,'263','Щапова',3,''),(506,'2013-11-10 02:17:34',1,11,'451','Эдучанка',3,''),(507,'2013-11-10 02:17:34',1,11,'127','Энергетик',3,''),(508,'2013-11-10 02:17:34',1,11,'250','Энхэлук',3,''),(509,'2013-11-10 02:17:34',1,11,'158','Эрхирик',3,''),(510,'2013-11-10 02:17:34',1,11,'70','Юго-Восточный',3,''),(511,'2013-11-10 02:17:34',1,11,'365','Югово',3,''),(512,'2013-11-10 02:17:35',1,11,'399','Юрты',3,''),(513,'2013-11-10 02:17:35',1,11,'460','Якурим',3,''),(514,'2013-11-10 02:17:35',1,11,'461','Янталь',3,''),(515,'2013-11-10 02:17:35',1,11,'374','Янчукан',3,''),(516,'2013-11-10 02:20:29',1,11,'6','Табарсук',2,'Изменен name.'),(517,'2013-11-10 02:20:38',1,11,'156','Никольск',2,'Изменен name.'),(518,'2013-11-10 02:20:46',1,11,'300','Грязнушка',2,'Изменен name.'),(519,'2013-11-10 02:20:53',1,11,'307','Мольта',2,'Изменен name.'),(520,'2013-11-10 02:20:59',1,11,'308','Оса',2,'Изменен name.'),(521,'2013-11-10 02:21:05',1,11,'309','Унгин',2,'Изменен name.'),(522,'2013-11-10 02:21:14',1,11,'401','Тубинский',2,'Изменен name.'),(523,'2013-11-10 02:21:21',1,11,'436','Рысево',2,'Изменен name.'),(524,'2013-11-10 02:24:29',1,11,'175','Сосновый бор',2,'Изменен name.'),(525,'2013-11-10 02:24:44',1,11,'141','Сосновый бор',2,'Изменен name.'),(526,'2013-11-10 02:28:49',1,11,'432','Нижняя иреть',2,'Изменен name.'),(527,'2013-11-10 03:09:39',1,11,'435','Большой луг',2,'Изменен name.'),(528,'2013-11-11 10:42:48',1,12,'1','79021702030',2,'Изменен mailing.'),(529,'2013-11-11 13:38:19',1,12,'1','79021702030',3,''),(530,'2013-11-11 13:38:25',1,12,'2','79021702030',2,'Изменен status.'),(531,'2013-11-12 01:16:14',1,13,'4','79021702030',3,''),(532,'2013-11-12 01:16:14',1,13,'3','79021702030',3,''),(533,'2013-11-12 01:16:14',1,13,'2','79021702030',3,''),(534,'2013-11-12 01:16:14',1,13,'1','79021702030',3,''),(535,'2013-11-12 01:17:01',1,5,'2','alex',1,''),(536,'2013-11-12 01:17:19',1,5,'2','alex',2,'Изменен password,first_name,is_staff и is_superuser.'),(537,'2013-11-12 12:44:27',1,12,'2','79021702030',3,''),(538,'2013-11-13 03:55:28',1,11,'193','речка',3,''),(539,'2013-11-13 03:56:23',1,11,'107','ключ',3,''),(540,'2013-11-13 04:10:57',1,13,'9','79021702030',3,''),(541,'2013-11-16 04:54:25',1,12,'4','79021702030',3,''),(542,'2013-11-16 05:38:03',1,12,'5','79021702030',3,''),(543,'2013-11-16 10:48:11',2,11,'436','Рысево',2,'Изменен weather_location_code.'),(544,'2013-11-16 16:24:09',2,11,'7','Аларь',2,'Изменен weather_location_code.'),(545,'2013-11-16 16:24:45',2,11,'364','Алгатуй',2,'Изменен weather_location_code.'),(546,'2013-11-16 16:24:52',2,11,'225','Алексеевск',2,'Изменен weather_location_code.'),(547,'2013-11-16 16:25:04',2,11,'8','Аляты',2,'Изменен weather_location_code.'),(548,'2013-11-16 16:25:16',2,11,'419','Амгаланта',2,'Изменен weather_location_code.'),(549,'2013-11-16 16:25:27',2,11,'331','Ангасолка',2,'Изменен weather_location_code.'),(550,'2013-11-16 16:25:38',2,11,'9','Апхульта',2,'Изменен weather_location_code.'),(551,'2013-11-16 16:25:50',2,11,'239','Аргада',2,'Изменен weather_location_code.'),(552,'2013-11-16 16:26:00',2,11,'326','Ардасан',2,'Изменен weather_location_code.'),(553,'2013-11-16 16:26:11',2,11,'272','Атагай',2,'Изменен weather_location_code.'),(554,'2013-11-16 16:26:22',2,11,'462','Ахины',2,'Изменен weather_location_code.'),(555,'2013-11-16 16:26:39',2,11,'121','Бабагай',2,'Изменен weather_location_code.'),(556,'2013-11-16 16:26:51',2,11,'31','Багдарин',2,'Изменен weather_location_code.'),(557,'2013-11-16 16:28:24',2,11,'365','Бадар',2,'Изменен weather_location_code.'),(558,'2013-11-16 16:29:39',2,11,'340','Байроновка',2,'Изменен weather_location_code.'),(559,'2013-11-16 16:30:25',2,11,'449','Баклаши',2,'Изменен weather_location_code.'),(560,'2013-11-16 16:31:21',2,11,'23','Балаганск',2,'Изменен weather_location_code.'),(561,'2013-11-16 16:55:33',2,11,'236','Барагхан',2,'Изменен weather_location_code.'),(562,'2013-11-16 16:56:02',2,11,'45','Балахнинский',2,'Изменен weather_location_code.'),(563,'2013-11-16 16:57:18',2,11,'226','Барлук',2,'Изменен weather_location_code.'),(564,'2013-11-16 16:58:13',2,11,'420','Барун-Хасурта',2,'Изменен weather_location_code.'),(565,'2013-11-16 16:59:11',2,11,'132','Батама',2,'Изменен weather_location_code.'),(566,'2013-11-16 16:59:51',2,11,'24','Бахтай',2,'Изменен weather_location_code.'),(567,'2013-11-16 17:00:40',2,11,'29','Баянгол',2,'Изменен weather_location_code.'),(568,'2013-11-16 17:01:30',2,11,'32','Баяндай',2,'Изменен weather_location_code.'),(569,'2013-11-16 17:02:38',2,11,'90','Белоозерск',2,'Изменен weather_location_code.'),(570,'2013-11-16 17:03:49',2,11,'428','Бельск',2,'Изменен weather_location_code.'),(571,'2013-11-16 17:04:37',2,11,'62','Бикей',2,'Изменен weather_location_code.'),(572,'2013-11-16 17:05:23',2,11,'390','Биликтуй',2,'Изменен weather_location_code.'),(573,'2013-11-16 17:08:27',2,11,'41','Бичура',2,'Изменен weather_location_code.'),(574,'2013-11-16 17:09:12',2,11,'458','Бозой',2,'Изменен weather_location_code.'),(575,'2013-11-16 17:10:02',2,11,'79','Большеокинское',2,'Изменен weather_location_code.'),(576,'2013-11-16 17:10:43',2,11,'435','Большой луг',2,'Изменен weather_location_code.'),(577,'2013-11-16 17:11:30',2,11,'94','Боргой',2,'Изменен weather_location_code.'),(578,'2013-11-16 17:12:27',2,11,'293','Борсой',2,'Изменен weather_location_code.'),(579,'2013-11-16 17:13:14',2,11,'53','Бохан',2,'Изменен weather_location_code.'),(580,'2013-11-16 17:14:17',2,11,'289','Бугульдейка',2,'Изменен weather_location_code.'),(581,'2013-11-16 17:15:05',2,11,'356','Будагово',2,'Изменен weather_location_code.'),(582,'2013-11-16 17:15:44',2,11,'424','Булай',2,'Изменен weather_location_code.'),(583,'2013-11-16 17:16:24',2,11,'148','Бурдаковка',2,'Изменен weather_location_code.'),(584,'2013-11-16 17:17:29',2,11,'160','Бурдугуз',2,'Изменен weather_location_code.'),(585,'2013-11-16 17:19:03',2,11,'382','Буреть',2,'Изменен weather_location_code.'),(586,'2013-11-16 17:19:47',2,11,'227','Бурук',2,'Изменен weather_location_code.'),(587,'2013-11-16 17:20:31',2,11,'420','Барун-Хасурта',2,'Ни одно поле не изменено.'),(588,'2013-11-16 17:21:27',2,11,'132','Батама',2,'Ни одно поле не изменено.'),(589,'2013-11-16 17:40:47',2,11,'366','Буслайка',2,'Изменен weather_location_code.'),(590,'2013-11-16 17:41:43',2,11,'149','Бутырки',2,'Изменен weather_location_code.'),(591,'2013-11-16 17:43:10',2,11,'404','Верхнемарково',2,'Изменен weather_location_code.'),(592,'2013-11-16 23:56:21',2,11,'404','Верхнемарково',2,'Ни одно поле не изменено.'),(593,'2013-11-16 23:57:26',2,11,'214','Верхоленск',2,'Изменен weather_location_code.'),(594,'2013-11-16 23:58:19',2,11,'438','Веселый',2,'Изменен weather_location_code.'),(595,'2013-11-16 23:59:26',2,11,'262','Видим',2,'Изменен weather_location_code.'),(596,'2013-11-17 00:00:26',2,11,'250','Витимский',2,'Изменен weather_location_code.'),(597,'2013-11-17 00:01:10',2,11,'273','Вознесенский',2,'Изменен weather_location_code.'),(598,'2013-11-17 00:02:17',2,11,'186','Выдрино',2,'Изменен weather_location_code.'),(599,'2013-11-17 00:03:47',2,11,'367','Гадалей',2,'Изменен weather_location_code.'),(600,'2013-11-17 00:04:46',2,11,'455','Гаханы',2,'Изменен weather_location_code.'),(601,'2013-11-17 00:05:38',2,11,'63','Гидростроитель',2,'Изменен weather_location_code.'),(602,'2013-11-17 00:06:50',2,11,'446','Глубокая',2,'Изменен weather_location_code.'),(603,'2013-11-17 00:07:41',2,11,'10','Головинская',2,'Изменен weather_location_code.'),(604,'2013-11-17 00:08:51',2,11,'181','Голоустное',2,'Изменен weather_location_code.'),(605,'2013-11-17 00:09:41',2,11,'159','Голоустное',2,'Изменен weather_location_code.'),(606,'2013-11-17 00:11:17',2,11,'161','Грановщина',2,'Изменен weather_location_code.'),(607,'2013-11-17 00:12:28',2,11,'300','Грязнушка',2,'Изменен weather_location_code.'),(608,'2013-11-17 00:13:09',2,11,'369','Гужиры',2,'Изменен weather_location_code.'),(609,'2013-11-17 00:14:06',2,11,'95','Гунда',2,'Изменен weather_location_code.'),(610,'2013-11-17 00:14:51',2,11,'357','Гуран',2,'Изменен weather_location_code.'),(611,'2013-11-17 00:15:54',2,11,'143','Гурульба',2,'Изменен weather_location_code.'),(612,'2013-11-17 00:29:15',2,11,'118','Делюр',2,'Изменен weather_location_code.'),(613,'2013-11-17 00:29:48',2,11,'88','Джида',2,'Изменен weather_location_code.'),(614,'2013-11-17 00:31:03',2,11,'64','Добчур',2,'Изменен weather_location_code.'),(615,'2013-11-17 00:31:40',2,11,'422','Додо-Гол',2,'Изменен weather_location_code.'),(616,'2013-11-17 00:32:19',2,11,'396','Дубынино',2,'Изменен weather_location_code.'),(617,'2013-11-17 00:33:19',2,11,'54','Дундай',2,'Изменен weather_location_code.'),(618,'2013-11-17 00:34:10',2,11,'87','Дэдэ-Ичетуй',2,'Изменен weather_location_code.'),(619,'2013-11-17 00:35:13',2,11,'150','Егоровщина',2,'Изменен weather_location_code.'),(620,'2013-11-17 00:36:02',2,11,'358','Едогон',2,'Изменен weather_location_code.'),(621,'2013-11-17 00:36:59',2,11,'297','Еланцы',2,'Изменен weather_location_code.'),(622,'2013-11-17 00:44:44',2,11,'397','Ершово',2,'Изменен weather_location_code.'),(623,'2013-11-17 01:07:43',2,11,'91','Желтура',2,'Изменен weather_location_code.'),(624,'2013-11-17 01:08:30',2,11,'373','Жемчуг',2,'Изменен weather_location_code.'),(625,'2013-11-17 01:10:35',2,11,'101','Жигалово',2,'Изменен weather_location_code.'),(626,'2013-11-17 01:12:07',2,11,'37','Загатуй',2,'Изменен weather_location_code.'),(627,'2013-11-17 01:14:29',2,5,'2','alex',2,'Изменен password и email.'),(628,'2013-11-17 01:19:59',2,12,'5','79025114117',1,''),(629,'2013-11-17 10:54:49',2,11,'459','Зады',2,'Изменен weather_location_code.'),(630,'2013-11-17 10:55:28',2,11,'104','Заиграево',2,'Изменен weather_location_code.'),(631,'2013-11-17 10:57:02',2,11,'324','Заимка',2,'Изменен weather_location_code.'),(632,'2013-11-17 10:57:52',2,11,'374','Зактуй',2,'Изменен weather_location_code.'),(633,'2013-11-17 10:58:40',2,11,'284','Закулей',2,'Изменен weather_location_code.'),(634,'2013-11-17 10:59:36',2,11,'119','Залари',2,'Изменен weather_location_code.'),(635,'2013-11-17 11:00:31',2,11,'274','Замзор',2,'Изменен weather_location_code.'),(636,'2013-11-17 11:01:42',2,11,'25','Заславск',2,'Изменен weather_location_code.'),(637,'2013-11-17 11:02:28',2,11,'263','Заярск',2,'Изменен weather_location_code.'),(638,'2013-11-17 11:03:20',2,11,'405','Звездный',2,'Изменен weather_location_code.'),(639,'2013-11-17 11:05:01',2,11,'429','Зерновое',2,'Изменен weather_location_code.'),(640,'2013-11-17 11:06:03',2,11,'11','Зоны',2,'Изменен weather_location_code.'),(641,'2013-11-17 11:06:47',2,11,'65','Зяба',2,'Изменен weather_location_code.'),(642,'2013-11-17 12:09:32',2,11,'12','Иваническое',2,'Изменен weather_location_code.'),(643,'2013-11-17 12:10:25',2,11,'139','Иволгинск',2,'Изменен weather_location_code.'),(644,'2013-11-17 12:11:55',2,11,'264','Игирма',2,'Изменен weather_location_code.'),(645,'2013-11-17 12:12:46',2,11,'13','Идеал',2,'Изменен weather_location_code.'),(646,'2013-11-17 12:13:31',2,11,'359','Икей',2,'Изменен weather_location_code.'),(647,'2013-11-17 12:14:16',2,11,'311','Ильинка',2,'Изменен weather_location_code.'),(648,'2013-11-17 12:15:37',2,11,'109','Илька',2,'Изменен weather_location_code.'),(649,'2013-11-17 12:16:32',2,11,'194','Истомино',2,'Изменен weather_location_code.'),(650,'2013-11-17 12:17:25',2,11,'360','Ишидей',2,'Изменен weather_location_code.'),(651,'2013-11-21 10:42:24',1,12,'4','79021702030',3,''),(652,'2013-11-21 10:42:24',1,12,'3','79021702030',3,''),(653,'2013-11-21 10:42:24',1,12,'8','79025114117',3,''),(654,'2013-11-21 10:42:24',1,12,'6','79025114117',3,''),(655,'2013-11-21 10:42:24',1,12,'5','79025114117',3,''),(656,'2013-11-23 04:34:39',2,11,'204','Казаченское',2,'Изменен weather_location_code.'),(657,'2013-11-23 04:35:26',2,11,'58','Казачье',2,'Изменен weather_location_code.'),(658,'2013-11-23 04:36:11',2,11,'411','Каймоново',2,'Изменен weather_location_code.'),(659,'2013-11-23 04:37:01',2,11,'80','Калтук',2,'Изменен weather_location_code.'),(660,'2013-11-23 04:38:02',2,11,'275','Камышет',2,'Изменен weather_location_code.'),(661,'2013-11-23 04:39:08',2,11,'268','Карстовая',2,'Изменен weather_location_code.'),(662,'2013-11-23 04:40:12',2,11,'231','Карымск',2,'Изменен weather_location_code.'),(663,'2013-11-23 04:41:04',2,11,'215','Качуг',2,'Изменен weather_location_code.'),(664,'2013-11-23 04:41:38',2,11,'341','Квиток',2,'Изменен weather_location_code.'),(665,'2013-11-23 04:45:50',2,11,'66','Кежемский',2,'Изменен weather_location_code.'),(666,'2013-11-23 04:46:29',2,11,'219','Кижинга',2,'Изменен weather_location_code.'),(667,'2013-11-23 04:47:33',2,11,'134','Кимильтей',2,'Изменен weather_location_code.'),(668,'2013-11-23 04:48:25',2,11,'426','Кирзавод',2,'Изменен weather_location_code.'),(669,'2013-11-23 04:49:17',2,11,'388','Китой',2,'Изменен weather_location_code.'),(670,'2013-11-23 04:50:25',2,11,'81','Ключи-Булак',2,'Изменен weather_location_code.'),(671,'2013-11-23 04:51:09',2,11,'145','Колобки',2,'Изменен weather_location_code.'),(672,'2013-11-23 05:13:28',2,11,'96','Комсомольское',2,'Изменен weather_location_code.'),(673,'2013-11-23 05:14:18',2,11,'349','Конторка',2,'Изменен weather_location_code.'),(674,'2013-11-23 05:15:01',2,11,'463','Корсук',2,'Изменен weather_location_code.'),(675,'2013-11-23 05:16:56',2,11,'158','Коты',2,'Изменен weather_location_code.'),(676,'2013-11-23 05:17:53',2,11,'158','Коты',2,'Изменен weather_location_code.'),(677,'2013-11-23 05:19:45',2,11,'164','Куда',2,'Изменен weather_location_code.'),(678,'2013-11-23 05:20:38',2,11,'244','Кудара-Сомон',2,'Изменен weather_location_code.'),(679,'2013-11-23 05:21:15',2,11,'82','Кузнецовка',2,'Изменен weather_location_code.'),(680,'2013-11-23 05:22:03',2,11,'228','Куйтун',2,'Изменен weather_location_code.'),(681,'2013-11-23 05:24:06',2,11,'332','Култук',2,'Изменен weather_location_code.'),(682,'2013-11-23 05:24:46',2,11,'195','Култушная',2,'Изменен weather_location_code.'),(683,'2013-11-23 05:25:29',2,11,'233','Кундуй',2,'Изменен weather_location_code.'),(684,'2013-11-23 05:26:21',2,11,'111','Курба',2,'Изменен weather_location_code.'),(685,'2013-11-23 05:27:30',2,11,'290','Куркут',2,'Изменен weather_location_code.'),(686,'2013-11-23 05:28:12',2,11,'291','Курма',2,'Изменен weather_location_code.'),(687,'2013-11-23 05:30:12',2,11,'406','Курорт',2,'Изменен weather_location_code.'),(688,'2013-11-23 05:30:54',2,11,'5','Кутулик',2,'Изменен weather_location_code.'),(689,'2013-11-23 05:32:10',2,11,'439','Лесогорск',2,'Изменен weather_location_code.'),(690,'2013-11-23 05:32:52',2,11,'430','Лохово',2,'Изменен weather_location_code.'),(691,'2013-11-23 05:33:59',2,11,'68','Луговой',2,'Изменен weather_location_code.'),(692,'2013-11-23 05:34:43',2,11,'251','Луговский',2,'Изменен weather_location_code.'),(693,'2013-11-23 05:35:35',2,11,'299','Лузгина',2,'Изменен weather_location_code.'),(694,'2013-11-23 05:36:17',2,11,'151','Лыловщина',2,'Изменен weather_location_code.'),(695,'2013-11-23 05:37:03',2,11,'33','Люры',2,'Изменен weather_location_code.'),(696,'2013-11-23 05:37:46',2,11,'202','Магистральный',2,'Изменен weather_location_code.'),(697,'2013-11-23 05:38:41',2,11,'303','Майск',2,'Изменен weather_location_code.'),(698,'2013-11-23 05:39:34',2,11,'303','Майск',2,'Изменен weather_location_code.'),(699,'2013-11-23 05:41:46',2,11,'237','Майский',2,'Изменен weather_location_code.'),(700,'2013-11-23 05:43:51',2,11,'28','Максимиха',2,'Изменен weather_location_code.'),(701,'2013-11-23 05:44:25',2,11,'237','Майский',2,'Изменен weather_location_code.'),(702,'2013-11-23 07:12:24',1,11,'1','Прибой',3,''),(703,'2013-11-23 08:52:51',1,11,'7','Аларь',2,'Изменен yrno_location_code.'),(704,'2013-11-23 08:53:30',1,11,'3','Александровск',2,'Изменен yrno_location_code.'),(705,'2013-11-23 08:54:40',1,11,'52','Александровское',2,'Изменен yrno_location_code.'),(706,'2013-11-23 08:55:34',1,11,'239','Аргада',2,'Изменен yrno_location_code.'),(707,'2013-11-23 10:02:11',1,11,'20','Юго-Восточный',2,'Изменен yrno_location_code.'),(708,'2013-11-23 10:02:44',1,11,'77','Энергетик',2,'Изменен yrno_location_code.'),(709,'2013-11-23 10:03:11',1,11,'191','Шигаево',2,'Изменен yrno_location_code.'),(710,'2013-11-23 10:06:10',1,11,'346','Черемшанка',2,'Изменен yrno_location_code.'),(711,'2013-11-23 10:08:22',1,11,'269','Черная',2,'Изменен yrno_location_code.'),(712,'2013-11-23 10:09:16',1,11,'127','Троицк',2,'Изменен yrno_location_code.'),(713,'2013-11-23 10:09:43',1,11,'44','Артёмовск',2,'Изменен yrno_location_code.'),(714,'2013-11-23 10:10:12',1,11,'381','Белореченское',2,'Изменен yrno_location_code.'),(715,'2013-11-23 10:10:21',1,11,'381','Белореченское',2,'Изменен yrno_location_code.'),(716,'2013-11-23 10:10:52',1,11,'41','Бичура',2,'Изменен yrno_location_code.'),(717,'2013-11-23 10:13:24',1,11,'435','Большой луг',2,'Изменен yrno_location_code.'),(718,'2013-11-23 10:15:19',1,11,'110','Новая Брянь',2,'Изменен name и yrno_location_code.'),(719,'2013-11-23 10:15:59',1,11,'289','Бугульдейка',2,'Изменен yrno_location_code.'),(720,'2013-11-23 10:16:43',1,11,'149','Бутырки',2,'Изменен yrno_location_code.'),(721,'2013-11-23 10:17:13',1,11,'438','Веселый',2,'Изменен yrno_location_code.'),(722,'2013-11-23 10:17:37',1,11,'273','Вознесенский',2,'Изменен yrno_location_code.'),(723,'2013-11-23 10:18:10',1,11,'63','Гидростроитель',2,'Изменен yrno_location_code.'),(724,'2013-11-23 10:18:59',1,11,'181','Малое Голоустное',2,'Изменен name и yrno_location_code.'),(725,'2013-11-23 10:19:33',1,11,'159','Большое Голоустное',2,'Изменен name и yrno_location_code.'),(726,'2013-11-23 10:21:07',1,11,'225','Алексеевск',2,'Изменен yrno_location_code.'),(727,'2013-11-23 10:21:51',1,11,'316','Гремячинск',2,'Изменен yrno_location_code.'),(728,'2013-11-23 10:22:18',1,11,'300','Грязнушка',2,'Изменен yrno_location_code.'),(729,'2013-11-23 10:22:44',1,11,'357','Гуран',2,'Изменен yrno_location_code.'),(730,'2013-11-23 10:23:27',1,11,'338','Быстрое',2,'Изменен yrno_location_code.'),(731,'2013-11-23 10:23:52',1,11,'122','Владимир',2,'Изменен yrno_location_code.'),(732,'2013-11-23 10:24:24',1,11,'283','Целинный',2,'Изменен yrno_location_code.'),(733,'2013-11-23 10:24:56',1,11,'36','Хогот',2,'Изменен yrno_location_code.'),(734,'2013-11-23 10:25:21',1,11,'180','Хомутово',2,'Изменен yrno_location_code.'),(735,'2013-11-23 10:26:04',1,11,'120','Тыреть',2,'Изменен yrno_location_code.'),(736,'2013-11-23 10:26:29',1,11,'184','Факел',2,'Изменен yrno_location_code.'),(737,'2013-11-23 10:27:16',1,11,'414','Усть-Уда',2,'Изменен yrno_location_code.'),(738,'2013-11-23 10:27:35',1,11,'57','Тихоновка',2,'Изменен yrno_location_code.'),(739,'2013-11-23 10:28:53',1,11,'146','Сотниково',2,'Изменен yrno_location_code.'),(740,'2013-11-23 10:29:01',1,11,'142','Сотниково',2,'Изменен yrno_location_code.'),(741,'2013-11-23 10:30:01',1,11,'387','Средний',2,'Изменен yrno_location_code.'),(742,'2013-11-23 10:30:22',1,11,'267','Суворовский',2,'Изменен yrno_location_code.'),(743,'2013-11-23 10:31:05',1,11,'198','Сухая',2,'Изменен yrno_location_code.'),(744,'2013-11-23 10:31:46',1,11,'10','Головинская',2,'Изменен yrno_location_code.'),(745,'2013-11-23 10:32:40',1,11,'378','Большая Елань',2,'Изменен name и yrno_location_code.'),(746,'2013-11-23 10:33:25',1,11,'457','Еловка',2,'Изменен yrno_location_code.'),(747,'2013-11-23 10:33:58',1,11,'398','Железнодорожный',2,'Изменен yrno_location_code.'),(748,'2013-11-23 10:34:17',1,11,'425','Жмурово',2,'Изменен yrno_location_code.'),(749,'2013-11-23 10:34:46',1,11,'16','Зверево',2,'Изменен yrno_location_code.'),(750,'2013-11-23 10:35:30',1,11,'17','Майск',2,'Изменен yrno_location_code.'),(751,'2013-11-23 10:35:43',1,11,'303','Майск',2,'Изменен yrno_location_code.'),(752,'2013-11-23 10:36:42',1,11,'399','Лесной',2,'Изменен yrno_location_code.'),(753,'2013-11-23 10:37:16',1,11,'11','Зоны',2,'Изменен yrno_location_code.'),(754,'2013-11-23 10:37:37',1,11,'162','Дзержинск',2,'Изменен yrno_location_code.'),(755,'2013-11-23 10:38:05',1,11,'429','Зерновое',2,'Изменен yrno_location_code.'),(756,'2013-11-23 10:39:31',1,11,'435','Узкий луг',2,'Изменен name.'),(757,'2013-11-23 10:40:06',1,11,'447','Большой Луг',2,'Изменен name,weather_location_code и yrno_location_code.'),(758,'2013-11-23 10:41:11',1,11,'435','Узкий луг',2,'Изменен yrno_location_code.'),(759,'2013-11-23 10:41:35',1,11,'447','Большой Луг',2,'Изменен weather_location_code.'),(760,'2013-11-23 10:42:26',1,11,'415','Новая Уда',2,'Изменен name и yrno_location_code.'),(761,'2013-11-23 10:43:10',1,11,'413','Молька',2,'Изменен yrno_location_code.'),(762,'2013-11-23 10:43:32',1,11,'168','Молодежный',2,'Изменен yrno_location_code.'),(763,'2013-11-23 10:44:14',1,11,'196','Мишиха',2,'Изменен yrno_location_code.'),(764,'2013-11-23 10:45:01',1,11,'167','Марково',2,'Изменен yrno_location_code.'),(765,'2013-11-23 10:45:28',1,11,'276','Мельничный',2,'Изменен yrno_location_code.'),(766,'2013-11-23 10:46:25',1,11,'427','Михайловка',2,'Изменен yrno_location_code.'),(767,'2013-11-23 10:47:07',1,11,'117','Михайловка',2,'Изменен yrno_location_code.'),(768,'2013-11-23 10:47:46',1,11,'221','Михайловка',2,'Изменен yrno_location_code.'),(769,'2013-11-23 10:48:28',1,11,'412','Малышевка',2,'Изменен yrno_location_code.'),(770,'2013-11-23 10:48:44',1,11,'221','Михайловка',3,''),(771,'2013-11-23 10:52:45',1,11,'68','Луговой',2,'Изменен yrno_location_code.'),(772,'2013-11-23 10:53:21',1,11,'303','Майск',2,'Изменен yrno_location_code.'),(773,'2013-11-23 10:53:55',1,11,'237','Майский',2,'Изменен yrno_location_code.'),(774,'2013-11-23 10:54:23',1,11,'224','Макарово',2,'Изменен yrno_location_code.'),(775,'2013-11-23 10:55:01',1,11,'431','Малиновка',2,'Изменен yrno_location_code.'),(776,'2013-11-23 10:55:26',1,11,'200','Переёмная',2,'Изменен yrno_location_code.'),(777,'2013-11-23 11:46:39',2,11,'431','Малиновка',2,'Изменен weather_location_code.'),(778,'2013-11-23 11:47:25',2,11,'412','Малышевка',2,'Изменен weather_location_code.'),(779,'2013-11-23 11:53:36',2,11,'252','Мама',2,'Изменен weather_location_code.'),(780,'2013-11-23 11:54:16',2,11,'47','Мамакан',2,'Изменен weather_location_code.'),(781,'2013-11-23 11:55:09',2,11,'182','Мамоны',2,'Изменен weather_location_code.'),(782,'2013-11-23 11:56:01',2,11,'333','Мангутай',2,'Изменен weather_location_code.'),(783,'2013-11-23 11:56:44',2,11,'217','Манзурка',2,'Изменен weather_location_code.'),(784,'2013-11-23 11:57:28',2,11,'48','Маракан',2,'Изменен weather_location_code.'),(785,'2013-11-23 11:59:46',2,11,'167','Марково',2,'Изменен weather_location_code.'),(786,'2013-11-23 12:00:27',2,11,'135','Масляногорск',2,'Изменен weather_location_code.'),(787,'2013-11-23 12:01:24',2,11,'18','Мегет',2,'Изменен weather_location_code.'),(788,'2013-11-23 12:02:05',2,11,'276','Мельничный',2,'Изменен weather_location_code.'),(789,'2013-11-23 12:02:55',2,11,'383','Мишелёвка',2,'Изменен weather_location_code.'),(790,'2013-11-23 12:03:43',2,11,'196','Мишиха',2,'Изменен weather_location_code.'),(791,'2013-11-23 12:04:40',2,11,'14','Могоенок',2,'Изменен weather_location_code.'),(792,'2013-11-23 12:05:15',2,11,'238','Могойто',2,'Изменен weather_location_code.'),(793,'2013-11-23 12:06:24',2,11,'102','Могойтуй',2,'Изменен weather_location_code.'),(794,'2013-11-23 12:07:24',2,11,'123','Моисеевка',2,'Изменен weather_location_code.'),(795,'2013-11-23 12:08:00',2,11,'124','Мойган',2,'Изменен weather_location_code.'),(796,'2013-11-23 12:08:48',2,11,'168','Молодежный',2,'Изменен weather_location_code.'),(797,'2013-11-23 12:09:25',2,11,'167','Марково',2,'Изменен weather_location_code.'),(798,'2013-11-23 12:10:16',2,11,'413','Молька',2,'Изменен weather_location_code.'),(799,'2013-11-23 12:11:29',2,11,'307','Мольта',2,'Изменен weather_location_code.'),(800,'2013-11-23 12:12:07',2,11,'375','Монды',2,'Изменен weather_location_code.'),(801,'2013-11-23 12:12:44',2,11,'450','Моты',2,'Изменен weather_location_code.'),(802,'2013-11-23 12:13:33',2,11,'361','Мугун',2,'Изменен weather_location_code.'),(803,'2013-11-23 12:14:16',2,11,'42','Мулцугун',2,'Изменен weather_location_code.'),(804,'2013-11-23 12:14:49',2,11,'334','Мурино',2,'Изменен weather_location_code.'),(805,'2013-11-23 12:15:52',2,11,'254','Мухоршибирь',2,'Изменен weather_location_code.'),(806,'2013-11-23 12:16:39',2,11,'417','Муя',2,'Изменен weather_location_code.'),(807,'2013-11-23 12:17:40',2,11,'408','Мыс',2,'Изменен weather_location_code.'),(808,'2013-11-23 12:19:21',2,11,'209','Нагалык',2,'Изменен weather_location_code.'),(809,'2013-11-23 12:20:17',2,11,'241','Наушки',2,'Изменен weather_location_code.'),(810,'2013-11-23 12:20:58',2,11,'206','Непа',2,'Изменен weather_location_code.'),(811,'2013-11-23 12:21:35',2,11,'321','Нижнеангарск',2,'Изменен weather_location_code.'),(812,'2013-11-23 12:22:59',2,11,'432','Нижняя иреть',2,'Изменен weather_location_code.'),(813,'2013-11-23 12:23:41',2,11,'216','Никилей',2,'Изменен weather_location_code.'),(814,'2013-11-23 12:38:17',1,11,'344','Разгон',2,'Изменен yrno_location_code.'),(815,'2013-11-23 12:58:02',2,11,'169','Никола',2,'Изменен weather_location_code.'),(816,'2013-11-23 12:58:35',2,11,'342','Николаевка',2,'Изменен weather_location_code.'),(817,'2013-11-23 12:59:34',2,11,'351','Николаевское',2,'Изменен weather_location_code.'),(818,'2013-11-23 13:05:13',2,11,'407','Ния',2,'Изменен weather_location_code.'),(819,'2013-11-23 13:05:51',2,11,'110','Новая Брянь',2,'Изменен weather_location_code.'),(820,'2013-11-23 13:06:30',2,11,'415','Новая Уда',2,'Изменен weather_location_code.'),(821,'2013-11-23 13:07:11',2,11,'304','Ново-Ленино',2,'Изменен weather_location_code.'),(822,'2013-11-23 13:07:58',2,11,'152','Новогрудинина',2,'Изменен weather_location_code.'),(823,'2013-11-23 13:08:46',2,11,'384','Новожилкино',2,'Изменен weather_location_code.'),(824,'2013-11-23 13:09:30',2,11,'105','Новоильинск',2,'Изменен weather_location_code.'),(825,'2013-11-23 13:09:57',2,11,'170','Новоиркутский',2,'Изменен weather_location_code.'),(826,'2013-11-23 13:10:45',2,11,'222','Новокижингинск',2,'Изменен weather_location_code.'),(827,'2013-11-23 13:11:24',2,11,'281','Новоленино',2,'Изменен weather_location_code.'),(828,'2013-11-23 13:11:57',2,11,'153','Новолисиха',2,'Изменен weather_location_code.'),(829,'2013-11-23 13:12:40',2,11,'385','Новомальтинск',2,'Изменен weather_location_code.'),(830,'2013-11-23 13:13:26',2,11,'456','Новониколаевск',2,'Изменен weather_location_code.'),(831,'2013-11-23 13:14:09',2,11,'282','Новонукутский',2,'Изменен weather_location_code.'),(832,'2013-11-23 13:14:54',2,11,'171','Новоразводная',2,'Изменен weather_location_code.'),(833,'2013-11-23 13:15:35',2,11,'328','Новоселенгинск',2,'Изменен weather_location_code.'),(834,'2013-11-23 13:16:16',2,11,'335','Новоснежная',2,'Изменен weather_location_code.'),(835,'2013-11-23 13:16:56',2,11,'125','Новочеремхово',2,'Изменен weather_location_code.'),(836,'2013-11-23 13:21:38',2,11,'440','Новочунка',2,'Изменен weather_location_code.'),(837,'2013-11-23 13:22:30',2,11,'285','Нукуты',2,'Изменен weather_location_code.'),(838,'2013-11-23 13:23:29',2,11,'140','Нур-селение',2,'Изменен name и weather_location_code.'),(839,'2013-11-23 13:25:26',2,11,'140','Нур-селение',2,'Изменен yrno_location_code.'),(840,'2013-11-23 13:28:25',2,11,'2','Ныгда',2,'Изменен weather_location_code.'),(841,'2013-11-23 13:28:59',2,11,'355','Нюра',2,'Изменен weather_location_code.'),(842,'2013-11-23 13:29:41',2,11,'343','Облепиха',2,'Изменен weather_location_code.'),(843,'2013-11-23 13:30:16',2,11,'305','Обуса',2,'Изменен weather_location_code.'),(844,'2013-11-23 13:30:51',2,11,'392','Одинск',2,'Изменен weather_location_code.'),(845,'2013-11-23 13:31:37',2,11,'172','Оек',2,'Изменен weather_location_code.'),(846,'2013-11-23 13:32:29',2,11,'92','Оёр',2,'Изменен weather_location_code и yrno_location_code.'),(847,'2013-11-23 13:33:35',2,11,'327','озеро',2,'Изменен weather_location_code и yrno_location_code.'),(848,'2013-11-23 13:34:16',2,11,'197','Оймур',2,'Изменен weather_location_code.'),(849,'2013-11-23 13:34:53',2,11,'43','Окино-Ключи',2,'Изменен weather_location_code.'),(850,'2013-11-23 13:37:37',2,11,'441','Октябрьский',2,'Изменен weather_location_code и yrno_location_code.'),(851,'2013-11-23 13:38:01',2,11,'242','Октябрьский',2,'Изменен weather_location_code.'),(852,'2013-11-23 13:38:14',2,11,'242','Октябрьский',2,'Изменен yrno_location_code.'),(853,'2013-11-23 13:39:16',2,11,'464','Олой',2,'Изменен weather_location_code.'),(854,'2013-11-23 13:40:08',2,11,'59','Олонки',2,'Изменен weather_location_code.'),(855,'2013-11-23 13:40:42',2,11,'451','Олха',2,'Изменен weather_location_code.'),(856,'2013-11-23 13:41:27',2,11,'38','Ользоны',2,'Изменен weather_location_code.'),(857,'2013-11-23 13:42:36',2,11,'301','Онгосор',2,'Изменен weather_location_code.'),(858,'2013-11-23 13:43:16',2,11,'433','Онот',2,'Изменен weather_location_code.'),(859,'2013-11-23 13:44:03',2,11,'106','Онохой',2,'Изменен weather_location_code.'),(860,'2013-11-23 13:54:31',2,11,'288','Орлик',2,'Изменен weather_location_code.'),(861,'2013-11-23 13:55:29',2,11,'310','Острог',2,'Изменен weather_location_code.'),(862,'2013-11-23 13:56:27',2,11,'78','Падун',2,'Изменен weather_location_code.'),(863,'2013-11-23 13:56:59',2,11,'69','Падун',2,'Изменен weather_location_code.'),(864,'2013-11-23 13:57:58',2,11,'434','Парфеново',2,'Изменен weather_location_code.'),(865,'2013-11-23 13:58:34',2,11,'442','Парчум',2,'Изменен weather_location_code.'),(866,'2013-11-23 13:59:32',2,11,'173','Патроны',2,'Изменен weather_location_code.'),(867,'2013-11-23 15:29:49',2,11,'200','Переёмная',2,'Изменен weather_location_code.'),(868,'2013-11-23 15:30:54',2,11,'292','Петрова',2,'Изменен weather_location_code и yrno_location_code.'),(869,'2013-11-23 15:31:47',2,11,'93','Петропавловка',2,'Изменен weather_location_code и yrno_location_code.'),(870,'2013-11-23 15:33:42',2,11,'93','Петропавловка',2,'Изменен weather_location_code.'),(871,'2013-11-23 15:34:23',2,11,'183','Пивовариха',2,'Изменен weather_location_code.'),(872,'2013-11-23 15:35:11',2,11,'362','Писарево',2,'Изменен weather_location_code и yrno_location_code.'),(873,'2013-11-23 15:35:49',2,11,'174','Плишкино',2,'Изменен weather_location_code.'),(874,'2013-11-23 15:36:52',2,11,'207','Подволошино',2,'Изменен weather_location_code.'),(875,'2013-11-23 15:37:48',2,11,'448','Подкаменная',2,'Изменен weather_location_code.'),(876,'2013-11-23 15:38:30',2,11,'83','Покосное',2,'Изменен weather_location_code.'),(877,'2013-11-23 15:39:58',2,11,'136','Покровка',2,'Изменен weather_location_code.'),(878,'2013-11-23 15:40:59',2,11,'350','Половина-Черемхово',2,'Изменен weather_location_code.'),(879,'2013-11-23 15:43:45',2,11,'34','Половинка',2,'Изменен weather_location_code и yrno_location_code.'),(880,'2013-11-23 15:44:27',2,11,'189','Посольск',2,'Изменен weather_location_code.'),(881,'2013-11-23 15:46:03',2,11,'40','Потанино',2,'Изменен weather_location_code и yrno_location_code.'),(882,'2013-11-23 15:46:58',2,11,'208','Преображенка',2,'Изменен weather_location_code и yrno_location_code.'),(883,'2013-11-23 15:47:42',2,11,'70','Прибрежный',2,'Изменен weather_location_code и yrno_location_code.'),(884,'2013-11-23 15:48:32',2,11,'302','Приморский',2,'Изменен weather_location_code и yrno_location_code.'),(885,'2013-11-23 15:49:14',2,11,'371','Пустынь',2,'Изменен weather_location_code и yrno_location_code.'),(886,'2013-11-23 15:52:05',2,11,'344','Разгон',2,'Изменен yrno_location_code.'),(887,'2013-11-23 15:52:53',2,11,'344','Разгон',2,'Изменен weather_location_code.'),(888,'2013-11-23 15:53:27',2,11,'393','Раздолье',2,'Изменен weather_location_code и yrno_location_code.'),(889,'2013-11-23 15:54:16',2,11,'154','Ревякина',2,'Изменен weather_location_code.'),(890,'2013-11-23 15:58:31',2,11,'49','Перевоз',2,'Изменен yrno_location_code.'),(891,'2013-11-23 16:13:52',2,11,'157','Речка',2,'Изменен weather_location_code и yrno_location_code.'),(892,'2013-11-23 16:14:31',2,11,'136','Покровка',2,'Изменен yrno_location_code.'),(893,'2013-11-24 02:32:20',2,11,'265','Речушка',2,'Изменен weather_location_code.'),(894,'2013-11-24 02:33:04',2,11,'266','Рудногорск',2,'Изменен weather_location_code.'),(895,'2013-11-24 02:33:39',2,11,'19','Савватеевка',2,'Изменен weather_location_code.'),(896,'2013-11-24 02:36:05',2,11,'256','Саган-Нур',2,'Изменен weather_location_code и yrno_location_code.'),(897,'2013-11-24 02:36:54',2,11,'294','Сахюрта',2,'Изменен weather_location_code.'),(898,'2013-11-24 02:38:56',2,11,'352','Саянтуй',2,'Изменен weather_location_code.'),(899,'2013-11-24 02:40:33',2,11,'416','Светлолобово',2,'Изменен weather_location_code.'),(900,'2013-11-24 02:41:23',2,11,'402','Седаново',2,'Изменен weather_location_code.'),(901,'2013-11-24 02:42:00',2,11,'190','Селенгинск',2,'Изменен weather_location_code.'),(902,'2013-11-24 02:42:51',2,11,'325','Селендума',2,'Изменен weather_location_code.'),(903,'2013-11-24 02:44:08',2,11,'452','Смоленщина',2,'Изменен weather_location_code.'),(904,'2013-11-24 02:44:41',2,11,'336','Солзан',2,'Изменен weather_location_code.'),(905,'2013-11-24 02:46:27',2,11,'71','Сосновый',2,'Изменен weather_location_code и yrno_location_code.'),(906,'2013-11-24 02:48:09',2,11,'175','Сосновый бор',2,'Изменен weather_location_code и yrno_location_code.'),(907,'2013-11-24 02:53:36',2,11,'141','Сосновый бор',2,'Изменен weather_location_code и yrno_location_code.'),(908,'2013-11-24 02:54:17',2,11,'146','Сотниково',2,'Изменен weather_location_code.'),(909,'2013-11-24 02:54:48',2,11,'142','Сотниково',2,'Изменен weather_location_code.'),(910,'2013-11-24 02:57:25',2,11,'387','Средний',2,'Изменен weather_location_code.'),(911,'2013-11-24 03:01:50',2,11,'267','Суворовский',2,'Изменен weather_location_code и yrno_location_code.'),(912,'2013-11-24 03:02:52',2,11,'198','Сухая',2,'Изменен weather_location_code и yrno_location_code.'),(913,'2013-11-24 03:03:31',2,11,'6','Табарсук',2,'Изменен weather_location_code.'),(914,'2013-11-24 03:04:21',2,11,'126','Тагна',2,'Изменен weather_location_code.'),(915,'2013-11-24 03:04:57',2,11,'389','Тайтурка',2,'Изменен weather_location_code.'),(916,'2013-11-24 03:05:40',2,11,'253','Таксимо',2,'Изменен weather_location_code.'),(917,'2013-11-24 03:06:59',2,11,'176','Тальцы',2,'Изменен weather_location_code и yrno_location_code.'),(918,'2013-11-24 03:08:27',2,11,'421','Тальцы',2,'Изменен weather_location_code и yrno_location_code.'),(919,'2013-11-24 03:09:35',2,11,'115','Тальцы',2,'Изменен weather_location_code.'),(920,'2013-11-24 03:10:16',2,11,'379','Тальяны',2,'Изменен weather_location_code.'),(921,'2013-11-24 03:11:03',2,11,'243','Тамир',2,'Изменен weather_location_code.'),(922,'2013-11-24 03:12:45',2,11,'72','Тангуй',2,'Изменен weather_location_code.'),(923,'2013-11-24 03:15:55',2,11,'201','Танхой',2,'Изменен weather_location_code.'),(924,'2013-11-24 03:16:13',2,11,'200','Переёмная',2,'Изменен weather_location_code.'),(925,'2013-11-24 03:17:04',2,11,'56','Тараса',2,'Изменен weather_location_code.'),(926,'2013-11-24 03:17:43',2,11,'353','Тарбагатай',2,'Изменен weather_location_code.'),(927,'2013-11-24 03:18:35',2,11,'329','Ташир',2,'Изменен weather_location_code.'),(928,'2013-11-24 03:19:24',2,11,'394','Тельма',2,'Изменен weather_location_code.'),(929,'2013-11-24 03:20:50',2,11,'57','Тихоновка',2,'Изменен weather_location_code.'),(930,'2013-11-24 03:29:47',2,11,'166','Малая Топка',2,'Изменен name,weather_location_code и yrno_location_code.'),(931,'2013-11-24 03:34:20',2,11,'431','Малиновка',2,'Изменен weather_location_code и yrno_location_code.'),(932,'2013-11-24 03:35:47',2,11,'431','Малиновка',2,'Изменен weather_location_code.'),(933,'2013-11-24 03:36:01',2,11,'431','Малиновка',2,'Ни одно поле не изменено.'),(934,'2013-11-24 03:37:46',2,11,'177','Топкинский',2,'Изменен weather_location_code и yrno_location_code.'),(935,'2013-11-24 03:38:33',2,11,'345','Топорок',2,'Изменен weather_location_code.'),(936,'2013-11-24 03:39:17',2,11,'372','Торы',2,'Изменен weather_location_code.'),(937,'2013-11-24 03:53:07',2,11,'401','Тубинский',2,'Изменен weather_location_code и yrno_location_code.'),(938,'2013-11-24 03:54:11',2,11,'257','Тугнуй',2,'Изменен weather_location_code.'),(939,'2013-11-24 03:54:46',2,11,'460','Тугутуй',2,'Изменен weather_location_code.'),(940,'2013-11-24 03:56:21',2,11,'97','Тужинка',2,'Изменен weather_location_code и yrno_location_code.'),(941,'2013-11-24 03:57:01',2,11,'229','Тулюшка',2,'Изменен weather_location_code.'),(942,'2013-11-24 03:58:11',2,11,'376','Тунка',2,'Изменен weather_location_code.'),(943,'2013-11-24 03:58:47',2,11,'312','Турка',2,'Изменен weather_location_code.'),(944,'2013-11-24 04:00:24',2,11,'389','Тайтурка',2,'Изменен weather_location_code.'),(945,'2013-11-24 04:04:53',2,11,'73','Турма',2,'Изменен weather_location_code.'),(946,'2013-11-24 04:06:05',2,11,'313','Турунтаево',2,'Изменен weather_location_code.'),(947,'2013-11-24 04:10:20',2,11,'465','Тыреть-2',1,''),(948,'2013-11-24 04:10:46',2,11,'120','Тыреть',2,'Изменен weather_location_code.'),(949,'2013-11-24 04:11:16',2,11,'120','Тыреть-1',2,'Изменен name.'),(950,'2013-11-24 04:12:53',2,11,'74','Тэмь',2,'Изменен weather_location_code и yrno_location_code.'),(951,'2013-11-24 04:16:12',2,11,'435','Узкий луг',2,'Изменен weather_location_code.'),(952,'2013-11-24 04:17:32',2,11,'295','Узуры',2,'Изменен weather_location_code.'),(953,'2013-11-24 04:18:54',2,11,'277','Ук',2,'Изменен weather_location_code.'),(954,'2013-11-24 04:19:56',2,11,'98','Укыр',2,'Изменен weather_location_code.'),(955,'2013-11-24 04:21:21',2,11,'203','Улькан',2,'Изменен weather_location_code.'),(956,'2013-11-24 04:23:56',2,11,'30','Улюкчикан',2,'Изменен weather_location_code.'),(957,'2013-11-24 04:25:17',2,11,'309','Унгин',2,'Изменен weather_location_code и yrno_location_code.'),(958,'2013-11-24 04:26:17',2,11,'322','Уоян',2,'Изменен weather_location_code.'),(959,'2013-11-24 04:27:06',2,11,'178','Урик',2,'Изменен weather_location_code.'),(960,'2013-11-24 04:31:08',2,11,'306','Усть-Алтан',2,'Изменен weather_location_code.'),(961,'2013-11-24 04:32:00',2,11,'179','Усть-Балей',2,'Изменен weather_location_code.'),(962,'2013-11-24 04:32:57',2,11,'112','Усть-Брянь',2,'Изменен weather_location_code и yrno_location_code.'),(963,'2013-11-24 04:34:27',2,11,'245','Усть-Дунгуй',2,'Изменен weather_location_code и yrno_location_code.'),(964,'2013-11-24 04:35:14',2,11,'246','Усть-Киран',2,'Изменен weather_location_code.'),(965,'2013-11-24 04:35:58',2,11,'155','Усть-Куда',2,'Изменен weather_location_code.'),(966,'2013-11-24 04:36:47',2,11,'247','Усть-Кяхта',2,'Изменен weather_location_code.'),(967,'2013-11-24 04:37:48',2,11,'220','Усть-Орот',2,'Изменен weather_location_code и yrno_location_code.'),(968,'2013-11-24 04:38:46',2,11,'414','Усть-Уда',2,'Изменен weather_location_code.'),(969,'2013-11-24 04:39:40',2,11,'337','Утулик',2,'Изменен weather_location_code.'),(970,'2013-11-24 04:42:35',2,11,'230','Уховский',2,'Изменен weather_location_code и yrno_location_code.'),(971,'2013-11-24 04:43:35',2,11,'234','Уян',2,'Изменен weather_location_code и yrno_location_code.'),(972,'2013-11-24 04:48:48',2,11,'184','Факел',2,'Изменен yrno_location_code.'),(973,'2013-11-24 04:49:38',2,11,'185','Фофоново',2,'Изменен weather_location_code.'),(974,'2013-11-24 04:50:35',2,11,'287','Хадахан',2,'Изменен weather_location_code.'),(975,'2013-11-24 04:51:43',2,11,'133','Центральный Хазан',2,'Изменен name и weather_location_code.'),(976,'2013-11-24 04:53:10',2,11,'210','Хальск',2,'Изменен weather_location_code.'),(977,'2013-11-24 04:53:46',2,11,'128','Ханжиново',2,'Изменен weather_location_code.'),(978,'2013-11-24 04:54:50',2,11,'138','Харайгун',2,'Изменен weather_location_code.'),(979,'2013-11-24 04:56:08',2,11,'84','Харанжино',2,'Изменен weather_location_code.'),(980,'2013-11-24 04:57:11',2,11,'218','Харбатова',2,'Изменен yrno_location_code.'),(981,'2013-11-24 04:57:46',2,11,'249','Харлунское',2,'Изменен yrno_location_code.'),(982,'2013-11-24 04:58:53',2,11,'36','Хогот',2,'Изменен weather_location_code.'),(983,'2013-11-24 04:59:34',2,11,'129','Холмогой',2,'Изменен weather_location_code.'),(984,'2013-11-24 05:00:09',2,11,'180','Хомутово',2,'Изменен weather_location_code.'),(985,'2013-11-24 05:01:05',2,11,'258','Хонхолой',2,'Изменен weather_location_code.'),(986,'2013-11-24 05:01:38',2,11,'130','Хор-Танга',2,'Изменен yrno_location_code.'),(987,'2013-11-24 05:02:24',2,11,'51','Хоргелок',2,'Изменен weather_location_code.'),(988,'2013-11-24 05:03:55',2,11,'418','Хоринск',2,'Изменен weather_location_code.'),(989,'2013-11-24 06:49:52',2,11,'60','Хохорск',2,'Изменен weather_location_code.'),(990,'2013-11-24 06:50:57',2,11,'261','Хошун-Узур',2,'Изменен weather_location_code и yrno_location_code.'),(991,'2013-11-24 06:52:05',2,11,'278','Худоелань',2,'Изменен yrno_location_code.'),(992,'2013-11-24 06:53:08',2,11,'283','Целинный',2,'Изменен weather_location_code.'),(993,'2013-11-24 06:53:53',2,11,'259','Цолга',2,'Изменен weather_location_code.'),(994,'2013-11-24 06:56:28',2,11,'75','Чекановский',2,'Изменен weather_location_code.'),(995,'2013-11-24 06:57:23',2,11,'113','Челутай',2,'Изменен weather_location_code.'),(996,'2013-11-24 06:58:47',2,11,'346','Черемшанка',2,'Изменен weather_location_code.'),(997,'2013-11-24 06:59:48',2,11,'346','Черемшанка',2,'Изменен yrno_location_code.'),(998,'2013-11-24 07:00:50',2,11,'269','Черная',2,'Изменен weather_location_code.'),(999,'2013-11-24 07:01:12',2,11,'269','Черная',2,'Изменен yrno_location_code.'),(1000,'2013-11-24 07:01:59',2,11,'260','Черноярово',2,'Изменен weather_location_code.'),(1001,'2013-11-24 07:03:05',2,11,'100','Чикан',2,'Изменен weather_location_code.'),(1002,'2013-11-24 07:03:58',2,11,'248','Чикой',2,'Изменен weather_location_code.'),(1003,'2013-11-24 07:04:55',2,11,'444','Чунский',2,'Изменен weather_location_code.'),(1004,'2013-11-24 07:20:24',2,11,'114','Шабур',2,'Изменен weather_location_code.'),(1005,'2013-11-24 07:21:31',2,11,'454','Шаманка',2,'Изменен weather_location_code.'),(1006,'2013-11-24 07:22:38',2,11,'298','Шара-Тогот',2,'Изменен weather_location_code.'),(1007,'2013-11-24 07:23:27',2,11,'280','Шеберта',2,'Изменен weather_location_code.'),(1008,'2013-11-24 07:25:02',2,11,'363','Шерагул',2,'Изменен weather_location_code.'),(1009,'2013-11-24 07:26:02',2,11,'191','Шигаево',2,'Изменен weather_location_code.'),(1010,'2013-11-24 07:26:35',2,11,'347','Шиткино',2,'Изменен weather_location_code.'),(1011,'2013-11-24 07:27:36',2,11,'211','Шишкина',2,'Изменен weather_location_code.'),(1012,'2013-11-24 07:30:00',2,11,'76','Шумилово',2,'Изменен weather_location_code.'),(1013,'2013-11-24 07:30:38',2,11,'279','Шумский',2,'Изменен weather_location_code.'),(1014,'2013-11-24 07:31:27',2,11,'212','Щапова',2,'Изменен weather_location_code.'),(1015,'2013-11-24 07:32:07',2,11,'400','Эдучанка',2,'Изменен weather_location_code.'),(1016,'2013-11-24 07:33:04',2,11,'77','Энергетик',2,'Изменен yrno_location_code.'),(1017,'2013-11-24 07:33:44',2,11,'199','Энхэлук',2,'Изменен weather_location_code и yrno_location_code.'),(1018,'2013-11-24 07:34:32',2,11,'199','Энхэлук',2,'Изменен yrno_location_code.'),(1019,'2013-11-24 07:35:37',2,11,'108','Эрхирик',2,'Изменен weather_location_code.'),(1020,'2013-11-24 07:37:32',2,11,'20','Юго-Восточный',2,'Изменен weather_location_code и yrno_location_code.'),(1021,'2013-11-24 07:38:05',2,11,'314','Югово',2,'Изменен weather_location_code.'),(1022,'2013-11-24 07:39:00',2,11,'348','Юрты',2,'Изменен weather_location_code.'),(1023,'2013-11-24 07:40:54',2,11,'409','Якурим',2,'Изменен weather_location_code.'),(1024,'2013-11-24 07:42:58',2,11,'410','Янталь',2,'Изменен weather_location_code.'),(1025,'2013-11-24 07:43:48',2,11,'323','Янчукан',2,'Изменен weather_location_code.'),(1026,'2013-11-24 10:25:24',2,11,'17','Майск',2,'Изменен weather_location_code и yrno_location_code.'),(1027,'2013-11-24 10:27:17',2,11,'20','Юго-Восточный',2,'Изменен yrno_location_code.'),(1028,'2013-11-24 10:28:55',2,11,'393','Раздолье',2,'Изменен yrno_location_code.'),(1029,'2013-11-24 10:30:27',2,11,'16','Зверево',2,'Изменен yrno_location_code.'),(1030,'2013-11-24 10:34:59',2,11,'20','Юго-Восточный',2,'Изменен yrno_location_code.'),(1031,'2013-11-24 10:35:25',2,11,'391','Большежилкино',2,'Изменен weather_location_code и yrno_location_code.'),(1032,'2013-11-24 10:35:49',2,11,'388','Старый Китой',2,'Изменен name.'),(1033,'2013-11-24 10:43:15',2,11,'466','Калиновка',1,''),(1034,'2013-11-24 10:43:27',2,11,'467','Калиновка',1,''),(1035,'2013-11-24 10:47:59',2,11,'168','Молодежный',2,'Изменен yrno_location_code.'),(1036,'2013-11-24 10:48:39',2,11,'177','Топкинский',2,'Изменен weather_location_code и yrno_location_code.'),(1037,'2013-11-24 10:51:48',2,11,'167','Маркова',2,'Изменен name и weather_location_code.'),(1038,'2013-11-24 10:53:29',2,11,'167','Маркова',2,'Изменен yrno_location_code.'),(1039,'2013-11-24 10:55:36',2,11,'166','Малая Топка',2,'Изменен yrno_location_code.'),(1040,'2013-11-24 12:04:58',2,11,'171','Новоразводная',2,'Изменен weather_location_code.'),(1041,'2013-11-24 12:06:28',2,11,'170','Новоиркутский',2,'Изменен weather_location_code и yrno_location_code.'),(1042,'2013-11-24 12:15:25',2,11,'77','Энергетик',2,'Изменен weather_location_code и yrno_location_code.'),(1043,'2013-11-24 12:15:46',2,11,'69','Падун',2,'Изменен weather_location_code.'),(1044,'2013-11-24 12:17:36',2,11,'78','Южный Падун',2,'Изменен name и weather_location_code.'),(1045,'2013-11-24 12:20:07',2,11,'62','Бикей',2,'Изменен yrno_location_code.'),(1046,'2013-11-24 12:25:21',2,11,'62','Бикей',2,'Ни одно поле не изменено.'),(1047,'2013-11-24 12:27:25',2,11,'65','Зяба',2,'Изменен yrno_location_code.'),(1048,'2013-11-24 12:28:36',2,11,'82','Кузнецовка',2,'Изменен yrno_location_code.'),(1049,'2013-11-24 12:37:16',2,11,'49','Перевоз',2,'Изменен weather_location_code и yrno_location_code.'),(1050,'2013-11-24 12:43:44',2,11,'44','Артёмовск',2,'Изменен weather_location_code и yrno_location_code.'),(1051,'2013-11-24 13:00:45',2,11,'208','Преображенка',2,'Изменен yrno_location_code.'),(1052,'2013-11-24 13:11:01',2,11,'267','Суворовский',2,'Изменен yrno_location_code.'),(1053,'2013-11-24 13:12:16',2,11,'137','Самара',2,'Изменен yrno_location_code.'),(1054,'2013-11-24 13:22:27',2,11,'338','Быстрое',2,'Изменен weather_location_code и yrno_location_code.'),(1055,'2013-11-24 13:45:52',2,11,'273','Вознесенский',2,'Изменен yrno_location_code.'),(1056,'2013-11-24 13:51:50',2,11,'441','Октябрьский',2,'Изменен weather_location_code и yrno_location_code.'),(1057,'2013-11-24 13:58:52',2,11,'406','Курорт',2,'Изменен yrno_location_code.'),(1058,'2013-11-24 13:59:31',2,11,'406','Курорт',2,'Изменен weather_location_code.'),(1059,'2013-11-24 14:48:00',2,11,'346','Черемшанка',2,'Изменен yrno_location_code.'),(1060,'2013-11-24 14:55:27',2,11,'362','Писарево',2,'Изменен weather_location_code и yrno_location_code.'),(1061,'2013-11-25 01:47:24',2,11,'381','Белореченский',2,'Изменен name,weather_location_code и yrno_location_code.'),(1062,'2013-11-25 01:49:14',2,11,'381','Белореченский',2,'Изменен yrno_location_code.'),(1063,'2013-11-25 01:55:13',2,11,'383','Мишелевка',2,'Изменен name и yrno_location_code.'),(1064,'2013-11-25 02:10:20',2,11,'352','Нижний Саянтуй',2,'Изменен name.'),(1065,'2013-11-25 11:21:32',2,11,'256','Саган-Нур',2,'Изменен yrno_location_code.'),(1066,'2013-11-25 11:24:45',2,11,'401','Тубинский',2,'Изменен yrno_location_code.'),(1067,'2013-11-25 11:28:27',2,11,'204','Казачинское',2,'Изменен name и yrno_location_code.'),(1068,'2013-11-25 11:30:10',2,11,'407','Ния',2,'Изменен yrno_location_code.'),(1069,'2013-11-25 11:33:05',2,11,'292','Петрова',2,'Изменен yrno_location_code.'),(1070,'2013-11-25 11:33:38',2,11,'158','Большие Коты',2,'Изменен name.'),(1071,'2013-11-25 11:58:38',2,11,'158','Большие Коты',2,'Изменен yrno_location_code.'),(1072,'2013-11-25 12:04:47',2,11,'25','Заславск',2,'Изменен yrno_location_code.'),(1073,'2013-11-25 12:16:10',2,11,'286','Первомайское',2,'Изменен yrno_location_code.'),(1074,'2013-11-25 12:24:07',2,11,'443','Сосновка',2,'Изменен weather_location_code и yrno_location_code.'),(1075,'2013-11-25 12:30:09',2,11,'442','Парчум',2,'Изменен yrno_location_code.'),(1076,'2013-11-25 12:34:17',2,11,'71','Сосновый',2,'Изменен yrno_location_code.'),(1077,'2013-11-25 12:35:46',2,11,'70','Прибрежный',2,'Изменен yrno_location_code.'),(1078,'2013-11-25 12:36:23',2,11,'74','Тэмь',2,'Изменен yrno_location_code.'),(1079,'2013-11-25 12:52:04',2,11,'278','Худоелань',2,'Изменен weather_location_code и yrno_location_code.'),(1080,'2013-11-26 10:47:35',2,11,'130','Хор-Тагна',2,'Изменен name,weather_location_code и yrno_location_code.'),(1081,'2013-11-26 10:49:13',2,11,'465','Тыреть-2',2,'Изменен yrno_location_code.'),(1082,'2013-11-26 10:51:14',2,11,'136','Покровка',2,'Изменен yrno_location_code.'),(1083,'2013-11-26 10:58:23',2,11,'233','Кундуй',2,'Изменен yrno_location_code.'),(1084,'2013-11-26 11:00:28',2,11,'342','Николаевка',2,'Изменен yrno_location_code.'),(1085,'2013-11-26 11:17:18',2,11,'350','Половина-Черемхово',2,'Изменен weather_location_code и yrno_location_code.'),(1086,'2013-11-29 09:13:17',2,11,'230','Уховский',2,'Изменен yrno_location_code.'),(1087,'2013-11-29 09:17:52',2,11,'417','Средняя Муя',2,'Изменен name,weather_location_code и yrno_location_code.'),(1088,'2013-11-29 09:19:32',2,11,'468','Голуметь',1,''),(1089,'2013-11-29 09:22:18',2,11,'429','Зерновое',2,'Изменен yrno_location_code.'),(1090,'2013-11-29 09:25:14',2,11,'431','Малиновка',2,'Изменен yrno_location_code.'),(1091,'2013-11-29 09:26:19',2,11,'432','Нижняя иреть',2,'Изменен yrno_location_code.'),(1092,'2013-11-29 09:27:49',2,11,'434','Парфеново',2,'Изменен yrno_location_code.'),(1093,'2013-11-29 09:32:45',2,11,'4','Забитуй',2,'Изменен weather_location_code.'),(1094,'2013-11-29 09:36:57',2,11,'34','Половинка',2,'Изменен weather_location_code и yrno_location_code.'),(1095,'2013-11-29 09:38:23',2,11,'58','Казачье',2,'Изменен yrno_location_code.'),(1096,'2013-11-29 09:39:47',2,11,'52','Александровское',2,'Изменен weather_location_code.'),(1097,'2013-11-29 09:45:32',2,11,'55','Каменка',2,'Изменен weather_location_code и yrno_location_code.'),(1098,'2013-11-29 09:48:20',2,11,'303','Майск',2,'Изменен weather_location_code и yrno_location_code.'),(1099,'2013-11-29 09:49:12',2,11,'307','Мольта',2,'Изменен weather_location_code.'),(1100,'2013-11-29 09:52:39',2,11,'307','Мольта',2,'Изменен yrno_location_code.'),(1101,'2013-11-29 09:54:54',2,11,'309','Унгин',2,'Изменен yrno_location_code.'),(1102,'2013-11-29 09:57:37',2,11,'302','Приморский',2,'Изменен yrno_location_code.'),(1103,'2013-11-29 09:58:53',2,11,'308','Оса',2,'Изменен yrno_location_code.'),(1104,'2013-11-29 10:02:21',2,11,'469','Большая речка',1,''),(1105,'2013-11-29 10:19:58',2,11,'40','Потанино',2,'Изменен yrno_location_code.'),(1106,'2013-11-29 10:22:37',2,11,'42','Мулцугун',2,'Изменен weather_location_code и yrno_location_code.'),(1107,'2013-11-29 10:27:05',2,11,'93','Петропавловка',2,'Изменен yrno_location_code.'),(1108,'2013-11-29 10:28:31',2,11,'89','Армак',2,'Изменен weather_location_code.'),(1109,'2013-11-29 10:33:43',2,11,'92','Оёр',2,'Изменен weather_location_code и yrno_location_code.'),(1110,'2013-11-29 10:34:52',2,11,'96','Комсомольское',2,'Изменен yrno_location_code.'),(1111,'2013-11-29 10:43:38',2,11,'97','Тужинка',2,'Изменен yrno_location_code.'),(1112,'2013-11-29 10:51:17',2,11,'103','Горхон',2,'Изменен weather_location_code и yrno_location_code.'),(1113,'2013-11-29 10:52:39',2,11,'106','Онохой',2,'Изменен yrno_location_code.'),(1114,'2013-11-29 10:54:22',2,11,'470','Татарский ключ',1,''),(1115,'2013-11-29 10:56:06',2,11,'112','Усть-Брянь',2,'Изменен yrno_location_code.'),(1116,'2013-11-29 10:58:35',2,11,'188','Каменск',2,'Изменен weather_location_code и yrno_location_code.'),(1117,'2013-11-29 11:05:19',2,11,'192','Байкало-Кудара',2,'Изменен weather_location_code и yrno_location_code.'),(1118,'2013-11-29 11:08:32',2,11,'198','Сухая',2,'Изменен weather_location_code и yrno_location_code.'),(1119,'2013-11-29 11:10:23',2,11,'199','Энхэлук',2,'Изменен yrno_location_code.'),(1120,'2013-11-29 11:11:30',2,11,'189','Посольск',2,'Изменен yrno_location_code.'),(1121,'2013-11-29 11:13:47',2,11,'471','Большая речка',1,''),(1122,'2013-11-29 13:02:35',2,11,'220','Усть-Орот',2,'Изменен yrno_location_code.'),(1123,'2013-11-29 13:05:13',2,11,'236','Барагхан',2,'Изменен yrno_location_code.'),(1124,'2013-11-29 13:08:11',2,11,'237','Майский',2,'Изменен weather_location_code и yrno_location_code.'),(1125,'2013-11-29 13:10:11',2,11,'239','Аргада',2,'Изменен yrno_location_code.'),(1126,'2013-11-29 13:18:22',2,11,'242','Октябрьский',2,'Изменен weather_location_code и yrno_location_code.'),(1127,'2013-11-29 13:21:59',2,11,'255','Никольск',2,'Изменен yrno_location_code.'),(1128,'2013-11-29 13:24:00',2,11,'311','Ильинка',2,'Изменен yrno_location_code.'),(1129,'2013-11-29 13:38:17',2,11,'310','Острог',2,'Изменен yrno_location_code.'),(1130,'2013-11-29 13:38:43',2,11,'317','Гурулёво',2,'Изменен weather_location_code и yrno_location_code.'),(1131,'2013-11-29 13:42:12',2,11,'322','Новый Уоян',2,'Изменен name и yrno_location_code.'),(1132,'2013-11-29 13:46:19',2,11,'327','Гусиное озеро',2,'Изменен name,weather_location_code и yrno_location_code.'),(1133,'2013-11-29 13:50:07',2,11,'326','Ардасан',2,'Изменен yrno_location_code.'),(1134,'2013-11-29 14:15:20',2,11,'351','Николаевский',2,'Изменен name,weather_location_code и yrno_location_code.'),(1135,'2013-11-29 14:17:28',2,11,'371','Нилова Пустынь',2,'Изменен name и weather_location_code.'),(1136,'2013-11-29 14:17:59',2,11,'371','Нилова Пустынь',2,'Изменен yrno_location_code.'),(1137,'2013-11-29 14:20:24',2,11,'419','Амгаланта',2,'Изменен yrno_location_code.'),(1138,'2013-11-29 14:22:57',2,11,'424','Верхний Булай',2,'Изменен name и yrno_location_code.'),(1139,'2013-11-29 14:44:10',2,11,'425','Жмурово',2,'Изменен weather_location_code и yrno_location_code.'),(1140,'2013-11-29 23:44:24',2,11,'157','Большая Речка',2,'Изменен name,weather_location_code и yrno_location_code.'),(1141,'2013-11-29 23:48:46',2,11,'472','Баргузинский район',1,''),(1142,'2013-11-29 23:49:46',2,11,'156','Никольск',2,'Изменен yrno_location_code.'),(1143,'2013-11-29 23:51:55',2,11,'163','Карлук',2,'Изменен weather_location_code и yrno_location_code.'),(1144,'2013-11-29 23:53:57',2,11,'458','Бозой',2,'Изменен yrno_location_code.'),(1145,'2013-11-29 23:57:37',2,11,'457','Еловка',2,'Изменен weather_location_code и yrno_location_code.'),(1146,'2013-11-29 23:59:49',2,11,'218','Харбатово',2,'Изменен name,weather_location_code и yrno_location_code.'),(1147,'2013-11-30 00:00:59',2,11,'164','Куда',2,'Изменен yrno_location_code.'),(1148,'2013-11-30 00:02:30',2,11,'175','Сосновый бор',2,'Изменен yrno_location_code.'),(1149,'2013-11-30 00:07:08',2,11,'344','Разгон',2,'Изменен yrno_location_code.'),(1150,'2013-11-30 00:08:41',2,11,'304','Ново-Ленино',2,'Изменен yrno_location_code.'),(1151,'2013-11-30 00:11:36',2,11,'141','Сосновый бор',2,'Изменен weather_location_code и yrno_location_code.'),(1152,'2013-11-30 00:15:03',2,11,'123','Моисеевка',2,'Изменен yrno_location_code.'),(1153,'2013-11-30 00:17:28',2,11,'176','Тальцы',2,'Изменен yrno_location_code.'),(1154,'2013-11-30 00:20:28',2,11,'269','Черная',2,'Изменен yrno_location_code.'),(1155,'2013-11-30 00:22:04',2,11,'268','Карстовая',2,'Изменен yrno_location_code.'),(1156,'2013-11-30 00:25:32',2,11,'290','Куркут',2,'Изменен yrno_location_code.'),(1157,'2013-11-30 00:26:50',2,11,'231','Карымск',2,'Изменен yrno_location_code.'),(1158,'2013-11-30 00:30:18',2,11,'453','Чистые Ключи',2,'Изменен name,weather_location_code и yrno_location_code.'),(1159,'2013-11-30 00:35:39',2,11,'111','Новая Курба',2,'Изменен name и yrno_location_code.'),(1160,'2013-11-30 00:37:53',2,11,'288','Орлик',2,'Изменен yrno_location_code.'),(1161,'2013-11-30 00:40:31',2,11,'446','Большая Глубокая',2,'Изменен name и yrno_location_code.'),(1162,'2013-11-30 00:43:20',2,11,'473','Байкальский прибой',1,''),(1163,'2013-11-30 00:44:39',2,11,'473','Байкальский прибой',2,'Изменен weather_location_code и yrno_location_code.'),(1164,'2013-11-30 07:27:51',2,11,'144','Ключи',2,'Изменен weather_location_code и yrno_location_code.'),(1165,'2013-11-30 07:32:01',2,11,'245','Усть-Дунгуй',2,'Изменен yrno_location_code.'),(1166,'2013-11-30 07:37:37',2,11,'195','Култушная',2,'Изменен yrno_location_code.'),(1167,'2013-11-30 07:42:13',2,11,'35','Каменка',2,'Изменен yrno_location_code.'),(1168,'2013-11-30 07:44:31',2,11,'408','Толстый Мыс',2,'Изменен name и yrno_location_code.'),(1169,'2013-11-30 07:47:22',2,11,'10','Головинское',2,'Изменен name и yrno_location_code.'),(1170,'2013-11-30 07:52:28',2,11,'437','Чита',2,'Изменен yrno_location_code.'),(1171,'2013-11-30 08:01:08',2,11,'232','Ключи',2,'Изменен weather_location_code и yrno_location_code.'),(1172,'2013-11-30 08:05:20',2,11,'234','Уян',2,'Изменен yrno_location_code.'),(1173,'2013-11-30 08:09:27',2,11,'421','Верхние Тальцы',2,'Изменен name и yrno_location_code.'),(1174,'2013-11-30 08:11:50',2,11,'249','Харлунское',2,'Изменен weather_location_code и yrno_location_code.'),(1175,'2013-11-30 08:12:40',2,11,'261','Хошун-Узур',2,'Изменен yrno_location_code.'),(1176,'2013-11-30 08:15:47',2,11,'474','Иванов Мыс',1,''),(1177,'2013-11-30 08:16:50',2,11,'184','Факел',2,'Изменен weather_location_code и yrno_location_code.'),(1178,'2013-11-30 09:13:26',2,11,'435','Узкий луг',2,'Изменен weather_location_code.'),(1179,'2013-11-30 09:18:50',2,11,'117','Михайловка',2,'Изменен weather_location_code и yrno_location_code.'),(1180,'2013-11-30 09:23:23',2,11,'475','Михайловка',1,''),(1181,'2013-11-30 09:26:08',2,11,'324','Верхняя Заимка',2,'Изменен name и yrno_location_code.'),(1182,'2013-11-30 09:28:49',2,11,'456','Новониколаевск',2,'Изменен yrno_location_code.'),(1183,'2013-11-30 09:30:26',2,11,'476','Дорожник',1,''),(1184,'2013-11-30 09:33:55',2,11,'213','Бирюлька',2,'Изменен weather_location_code.'),(1185,'2013-11-30 09:37:22',2,11,'447','Большой Луг',2,'Изменен weather_location_code и yrno_location_code.'),(1186,'2013-11-30 09:38:44',2,11,'275','Камышет',2,'Изменен weather_location_code.'),(1187,'2013-11-30 09:40:22',2,11,'398','Железнодорожный',2,'Изменен weather_location_code.'),(1188,'2013-11-30 09:41:41',2,11,'398','Железнодорожный',2,'Ни одно поле не изменено.'),(1189,'2013-11-30 09:43:34',2,11,'466','Калиновка',3,''),(1190,'2013-11-30 09:45:32',2,11,'67','Леоново',2,'Изменен weather_location_code.'),(1191,'2013-11-30 09:46:41',2,11,'224','Макарово',2,'Изменен weather_location_code.'),(1192,'2013-12-01 14:14:51',2,11,'272','Атагай',2,'Изменен weather_location_code.'),(1193,'2013-12-01 14:16:15',2,11,'399','Лесной',2,'Изменен weather_location_code и yrno_location_code.');
/*!40000 ALTER TABLE `django_admin_log` ENABLE KEYS */;
UNLOCK TABLES;

--
-- Table structure for table `django_content_type`
--

DROP TABLE IF EXISTS `django_content_type`;
/*!40101 SET @saved_cs_client     = @@character_set_client */;
/*!40101 SET character_set_client = utf8 */;
CREATE TABLE `django_content_type` (
  `id` int(11) NOT NULL AUTO_INCREMENT,
  `name` varchar(100) NOT NULL,
  `app_label` varchar(100) NOT NULL,
  `model` varchar(100) NOT NULL,
  PRIMARY KEY (`id`),
  UNIQUE KEY `app_label` (`app_label`,`model`)
) ENGINE=InnoDB AUTO_INCREMENT=14 DEFAULT CHARSET=utf8;
/*!40101 SET character_set_client = @saved_cs_client */;

--
-- Dumping data for table `django_content_type`
--

LOCK TABLES `django_content_type` WRITE;
/*!40000 ALTER TABLE `django_content_type` DISABLE KEYS */;
INSERT INTO `django_content_type` VALUES (1,'bookmark','menu','bookmark'),(2,'dashboard preferences','dashboard','dashboardpreferences'),(3,'permission','auth','permission'),(4,'group','auth','group'),(5,'user','auth','user'),(6,'content type','contenttypes','contenttype'),(7,'session','sessions','session'),(8,'site','sites','site'),(9,'log entry','admin','logentry'),(10,'flat page','flatpages','flatpage'),(11,'Рассылка','sender','mailing'),(12,'Подписчик','sender','subscriber'),(13,'Очередь сообщений','sender','smstask');
/*!40000 ALTER TABLE `django_content_type` ENABLE KEYS */;
UNLOCK TABLES;

--
-- Table structure for table `django_flatpage`
--

DROP TABLE IF EXISTS `django_flatpage`;
/*!40101 SET @saved_cs_client     = @@character_set_client */;
/*!40101 SET character_set_client = utf8 */;
CREATE TABLE `django_flatpage` (
  `id` int(11) NOT NULL AUTO_INCREMENT,
  `url` varchar(100) NOT NULL,
  `title` varchar(200) NOT NULL,
  `content` longtext NOT NULL,
  `enable_comments` tinyint(1) NOT NULL,
  `template_name` varchar(70) NOT NULL,
  `registration_required` tinyint(1) NOT NULL,
  PRIMARY KEY (`id`),
  KEY `django_flatpage_a4b49ab` (`url`)
) ENGINE=InnoDB DEFAULT CHARSET=utf8;
/*!40101 SET character_set_client = @saved_cs_client */;

--
-- Dumping data for table `django_flatpage`
--

LOCK TABLES `django_flatpage` WRITE;
/*!40000 ALTER TABLE `django_flatpage` DISABLE KEYS */;
/*!40000 ALTER TABLE `django_flatpage` ENABLE KEYS */;
UNLOCK TABLES;

--
-- Table structure for table `django_flatpage_sites`
--

DROP TABLE IF EXISTS `django_flatpage_sites`;
/*!40101 SET @saved_cs_client     = @@character_set_client */;
/*!40101 SET character_set_client = utf8 */;
CREATE TABLE `django_flatpage_sites` (
  `id` int(11) NOT NULL AUTO_INCREMENT,
  `flatpage_id` int(11) NOT NULL,
  `site_id` int(11) NOT NULL,
  PRIMARY KEY (`id`),
  UNIQUE KEY `flatpage_id` (`flatpage_id`,`site_id`),
  KEY `django_flatpage_sites_dedefef8` (`flatpage_id`),
  KEY `django_flatpage_sites_6223029` (`site_id`),
  CONSTRAINT `flatpage_id_refs_id_c0e84f5a` FOREIGN KEY (`flatpage_id`) REFERENCES `django_flatpage` (`id`),
  CONSTRAINT `site_id_refs_id_4e3eeb57` FOREIGN KEY (`site_id`) REFERENCES `django_site` (`id`)
) ENGINE=InnoDB DEFAULT CHARSET=utf8;
/*!40101 SET character_set_client = @saved_cs_client */;

--
-- Dumping data for table `django_flatpage_sites`
--

LOCK TABLES `django_flatpage_sites` WRITE;
/*!40000 ALTER TABLE `django_flatpage_sites` DISABLE KEYS */;
/*!40000 ALTER TABLE `django_flatpage_sites` ENABLE KEYS */;
UNLOCK TABLES;

--
-- Table structure for table `django_session`
--

DROP TABLE IF EXISTS `django_session`;
/*!40101 SET @saved_cs_client     = @@character_set_client */;
/*!40101 SET character_set_client = utf8 */;
CREATE TABLE `django_session` (
  `session_key` varchar(40) NOT NULL,
  `session_data` longtext NOT NULL,
  `expire_date` datetime NOT NULL,
  PRIMARY KEY (`session_key`),
  KEY `django_session_c25c2c28` (`expire_date`)
) ENGINE=InnoDB DEFAULT CHARSET=utf8;
/*!40101 SET character_set_client = @saved_cs_client */;

--
-- Dumping data for table `django_session`
--

LOCK TABLES `django_session` WRITE;
/*!40000 ALTER TABLE `django_session` DISABLE KEYS */;
INSERT INTO `django_session` VALUES ('072e554638fd06872dfe29066040c735','MmZjMmM5NjcyM2Q2ODAzNTMzMjNkZmUzMzNmOTM5ZjMwZmRiNDNkNDqAAn1xAShVEl9hdXRoX3Vz\nZXJfYmFja2VuZHECVSlkamFuZ28uY29udHJpYi5hdXRoLmJhY2tlbmRzLk1vZGVsQmFja2VuZHED\nVQ1fYXV0aF91c2VyX2lkcQSKAQJ1Lg==\n','2013-12-09 01:41:26'),('1cb81c3130a14e64eca1efbc7e531650','MmZjMmM5NjcyM2Q2ODAzNTMzMjNkZmUzMzNmOTM5ZjMwZmRiNDNkNDqAAn1xAShVEl9hdXRoX3Vz\nZXJfYmFja2VuZHECVSlkamFuZ28uY29udHJpYi5hdXRoLmJhY2tlbmRzLk1vZGVsQmFja2VuZHED\nVQ1fYXV0aF91c2VyX2lkcQSKAQJ1Lg==\n','2013-12-15 14:09:55'),('329b8963bd277b5bcd04b307d8f41268','ODBlYTQ4NjhiMDVlN2Y3NTA0NTEzMDQxYzk3OTg3Yzk5YThjOTcyZDqAAn1xAVUKdGVzdGNvb2tp\nZVUGd29ya2VkcQJzLg==\n','2013-12-09 01:48:35'),('391b4f53ed3558af1918d7384a06fde2','MmZjMmM5NjcyM2Q2ODAzNTMzMjNkZmUzMzNmOTM5ZjMwZmRiNDNkNDqAAn1xAShVEl9hdXRoX3Vz\nZXJfYmFja2VuZHECVSlkamFuZ28uY29udHJpYi5hdXRoLmJhY2tlbmRzLk1vZGVsQmFja2VuZHED\nVQ1fYXV0aF91c2VyX2lkcQSKAQJ1Lg==\n','2013-11-27 03:49:42'),('5cef9949ae7c89a269794f01b4197fc6','MmZjMmM5NjcyM2Q2ODAzNTMzMjNkZmUzMzNmOTM5ZjMwZmRiNDNkNDqAAn1xAShVEl9hdXRoX3Vz\nZXJfYmFja2VuZHECVSlkamFuZ28uY29udHJpYi5hdXRoLmJhY2tlbmRzLk1vZGVsQmFja2VuZHED\nVQ1fYXV0aF91c2VyX2lkcQSKAQJ1Lg==\n','2013-11-30 23:54:07'),('67ebe071f71adfbca86fcfa4208e8059','MjU2YmVhM2M3NjU1NTc0M2JiYmZmOGMzNWQ4YjdiYTZmZTIyMzdhMDqAAn1xAShVEl9hdXRoX3Vz\nZXJfYmFja2VuZHECVSlkamFuZ28uY29udHJpYi5hdXRoLmJhY2tlbmRzLk1vZGVsQmFja2VuZHED\nVQ1fYXV0aF91c2VyX2lkcQSKAQF1Lg==\n','2013-11-24 02:07:01'),('a6647080afec4632eaf06d391d62a25a','ODBlYTQ4NjhiMDVlN2Y3NTA0NTEzMDQxYzk3OTg3Yzk5YThjOTcyZDqAAn1xAVUKdGVzdGNvb2tp\nZVUGd29ya2VkcQJzLg==\n','2013-12-14 09:29:08'),('b65b33c3d11df5dd3fcb8e974b3a7f55','MjU2YmVhM2M3NjU1NTc0M2JiYmZmOGMzNWQ4YjdiYTZmZTIyMzdhMDqAAn1xAShVEl9hdXRoX3Vz\nZXJfYmFja2VuZHECVSlkamFuZ28uY29udHJpYi5hdXRoLmJhY2tlbmRzLk1vZGVsQmFja2VuZHED\nVQ1fYXV0aF91c2VyX2lkcQSKAQF1Lg==\n','2013-12-08 03:29:57'),('d4192edb7f6689001c35e55dd52d6ea7','MjU2YmVhM2M3NjU1NTc0M2JiYmZmOGMzNWQ4YjdiYTZmZTIyMzdhMDqAAn1xAShVEl9hdXRoX3Vz\nZXJfYmFja2VuZHECVSlkamFuZ28uY29udHJpYi5hdXRoLmJhY2tlbmRzLk1vZGVsQmFja2VuZHED\nVQ1fYXV0aF91c2VyX2lkcQSKAQF1Lg==\n','2013-11-26 01:15:46');
/*!40000 ALTER TABLE `django_session` ENABLE KEYS */;
UNLOCK TABLES;

--
-- Table structure for table `django_site`
--

DROP TABLE IF EXISTS `django_site`;
/*!40101 SET @saved_cs_client     = @@character_set_client */;
/*!40101 SET character_set_client = utf8 */;
CREATE TABLE `django_site` (
  `id` int(11) NOT NULL AUTO_INCREMENT,
  `domain` varchar(100) NOT NULL,
  `name` varchar(50) NOT NULL,
  PRIMARY KEY (`id`)
) ENGINE=InnoDB AUTO_INCREMENT=2 DEFAULT CHARSET=utf8;
/*!40101 SET character_set_client = @saved_cs_client */;

--
-- Dumping data for table `django_site`
--

LOCK TABLES `django_site` WRITE;
/*!40000 ALTER TABLE `django_site` DISABLE KEYS */;
INSERT INTO `django_site` VALUES (1,'example.com','example.com');
/*!40000 ALTER TABLE `django_site` ENABLE KEYS */;
UNLOCK TABLES;

--
-- Table structure for table `sender_mailing`
--

DROP TABLE IF EXISTS `sender_mailing`;
/*!40101 SET @saved_cs_client     = @@character_set_client */;
/*!40101 SET character_set_client = utf8 */;
CREATE TABLE `sender_mailing` (
  `id` int(11) NOT NULL AUTO_INCREMENT,
  `name` varchar(255) NOT NULL,
  `bwc_location_code` varchar(20) DEFAULT NULL,
  `weather_location_code` varchar(20) DEFAULT NULL,
  `create_date` datetime NOT NULL,
  `create_user_id` int(11) DEFAULT NULL,
  `yrno_location_code` varchar(255) DEFAULT NULL,
  PRIMARY KEY (`id`),
  KEY `sender_mailing_b22fdd0f` (`create_user_id`),
  CONSTRAINT `create_user_id_refs_id_1a29e45b` FOREIGN KEY (`create_user_id`) REFERENCES `auth_user` (`id`)
) ENGINE=InnoDB AUTO_INCREMENT=477 DEFAULT CHARSET=utf8;
/*!40101 SET character_set_client = @saved_cs_client */;

--
-- Dumping data for table `sender_mailing`
--

LOCK TABLES `sender_mailing` WRITE;
/*!40000 ALTER TABLE `sender_mailing` DISABLE KEYS */;
INSERT INTO `sender_mailing` VALUES (2,'Ныгда','394','30617','2013-11-10 11:19:52',2,'Russia/Irkutsk/Nygda/'),(3,'Александровск','436','28130','2013-11-10 11:19:52',1,'Russia/Irkutsk/Aleksandrovsk/'),(4,'Забитуй','225','28130','2013-11-10 11:19:52',2,'Russia/Irkutsk/Zibituj~2012773/'),(5,'Кутулик','211','28130','2013-11-10 11:19:52',2,'Russia/Irkutsk/Kutulik/'),(6,'Табарсук','224','27532','2013-11-10 11:19:52',2,'Russia/Irkutsk/Tabarsuk/'),(7,'Аларь','227','28130','2013-11-10 11:19:52',1,'Russia/Irkutsk/Alar\'/'),(8,'Аляты','228','28130','2013-11-10 11:19:52',2,'Russia/Irkutsk/Aljaty/'),(9,'Апхульта','441','28130','2013-11-10 11:19:52',2,'Russia/Irkutsk/Apkhulta/'),(10,'Головинское','423','27532','2013-11-10 11:19:52',2,'Russia/Irkutsk/Golovinskoye/'),(11,'Зоны','442','28130','2013-11-10 11:19:52',1,'Russia/Irkutsk/Zony/'),(12,'Иваническое','229','28130','2013-11-10 11:19:52',2,'Russia/Irkutsk/Ivanicheskoye/'),(13,'Идеал','226','28130','2013-11-10 11:19:52',2,'Russia/Irkutsk/Ideal/'),(14,'Могоенок','443','27532','2013-11-10 11:19:52',2,'Russia/Irkutsk/Mogoyenok/'),(15,'Ангарск','1','30715','2013-11-10 11:19:52',NULL,'Russia/Irkutsk/Angarsk/'),(16,'Зверево','8','34534','2013-11-10 11:19:52',2,'Russia/Irkutsk/Zverevo/'),(17,'Майск','4','30715','2013-11-10 11:19:52',2,'Russia/Irkutsk/Ostanovochnyy_Punkt_Maysk/'),(18,'Мегет','9','34534','2013-11-10 11:19:53',2,'Russia/Irkutsk/Meget/'),(19,'Савватеевка','16','30925','2013-11-10 11:19:53',2,'Russia/Irkutsk/Savvatejevka/'),(20,'Юго-Восточный','5','30715','2013-11-10 11:19:53',2,'Russia/Irkutsk/Angarskiy_Rayon/'),(21,'Бабушкин','299','30822','2013-11-10 11:19:53',NULL,'Russia/Burjatia/Babushkin/'),(22,'Байкальск','37','30818','2013-11-10 11:19:53',NULL,'Russia/Irkutsk/Bajkalsk/'),(23,'Балаганск','158','33932','2013-11-10 11:19:53',2,'Russia/Irkutsk/Balagansk~2027198/'),(24,'Бахтай','444','27532','2013-11-10 11:19:53',2,'Russia/Irkutsk/Bakhtaj/'),(25,'Заславск','157','30509','2013-11-10 11:19:53',2,'Russia/Irkutsk/Ust\'-Uda/'),(26,'Баргузин','254','30636','2013-11-10 11:19:53',NULL,'Russia/Burjatia/Barguzin/'),(27,'Усть-Баргузин','255','30635','2013-11-10 11:19:53',NULL,'Russia/Burjatia/Ust-Barguzin/'),(28,'Максимиха','256','30253','2013-11-10 11:19:53',2,'Russia/Burjatia/Maksimikha/'),(29,'Баянгол','257','30914','2013-11-10 11:19:53',2,'Russia/Burjatia/Bayangol~2027002/'),(30,'Улюкчикан','258','30636','2013-11-10 11:19:53',2,'Russia/Buryatia/Ulyukchikan/'),(31,'Багдарин','259','30547','2013-11-10 11:19:53',2,'Russia/Burjatia/Bagdarin/'),(32,'Баяндай','232','30713','2013-11-10 11:19:53',2,'Russia/Irkutsk/Bayanday/'),(33,'Люры','399','30713','2013-11-10 11:19:53',2,'Russia/Irkutsk/Ljury/'),(34,'Половинка','231','30713','2013-11-10 11:19:53',2,'Russia/Irkutsk/Polovinka~2024045/'),(35,'Каменка','419','27961','2013-11-10 11:19:53',2,'Russia/Irkutsk/Kamenka~2023241/'),(36,'Хогот','387','30713','2013-11-10 11:19:53',2,'Russia/Irkutsk/Khogot/'),(37,'Загатуй','230','30713','2013-11-10 11:19:53',2,'Russia/Irkutsk/Zagatuj/'),(38,'Ользоны','462','30713','2013-11-10 11:19:53',2,'Russia/Irkutsk/Ol\'zony/'),(39,'Бирюсинск','95','29588','2013-11-10 11:19:53',NULL,'Russia/Irkutsk/Biryusinsk/'),(40,'Потанино','263','30823','2013-11-10 11:19:53',2,'Russia/Buryatia/Shanaga/'),(41,'Бичура','261','30830','2013-11-10 11:19:53',1,'Russia/Buryatia/Bichura/'),(42,'Мулцугун','262','30830','2013-11-10 11:19:53',2,'Russia/Buryatia/Bichurskiy_Rayon/'),(43,'Окино-Ключи','260','30830','2013-11-10 11:19:53',2,'Russia/Buryatia/Okino-Klyuchi/'),(44,'Артёмовск','44','30405','2013-11-10 11:19:53',2,'Russia/Irkutsk/Bratskiy_Rayon/'),(45,'Балахнинский','45','30253','2013-11-10 11:19:53',2,'Russia/Irkutsk/Balakhninskiy/'),(46,'Кропоткин','46','34936','2013-11-10 11:19:53',NULL,'Russia/Krasnodar/Kropotkin/'),(47,'Мамакан','47','30253','2013-11-10 11:19:53',2,'Russia/Irkutsk/Mamakan/'),(48,'Маракан','43','34936','2013-11-10 11:19:54',2,'Russia/Irkutsk/Marakan/'),(49,'Перевоз','42','34936','2013-11-10 11:19:54',2,'http://www.yr.no/place/Russia/Irkutsk/Perevoz~2018045/'),(50,'Бодайбо','41','30253','2013-11-10 11:19:54',NULL,'Russia/Irkutsk/Bodajbo/'),(51,'Хоргелок','237','28324','2013-11-10 11:19:54',2,'Russia/Irkutsk/Khorgelok/'),(52,'Александровское','241','30712','2013-11-10 11:19:54',2,'Russia/Irkutsk/Aleksandrovskoye/'),(53,'Бохан','233','28324','2013-11-10 11:19:54',2,'Russia/Irkutsk/Bokhan/'),(54,'Дундай','240','28324','2013-11-10 11:19:54',2,'Russia/Irkutsk/Dunday/'),(55,'Каменка','242','30614','2013-11-10 11:19:54',2,'Russia/Irkutsk/Kamenka~2023241/'),(56,'Тараса','239','30614','2013-11-10 11:19:54',2,'Russia/Irkutsk/Tarasa/'),(57,'Тихоновка','234','28324','2013-11-10 11:19:54',2,'Russia/Irkutsk/Tikhonovka/'),(58,'Казачье','236','28324','2013-11-10 11:19:54',2,'Russia/Irkutsk/Kazach\'ye/'),(59,'Олонки','235','30712','2013-11-10 11:19:54',2,'Russia/Irkutsk/Olonki/'),(60,'Хохорск','238','28324','2013-11-10 11:19:54',2,'Russia/Irkutsk/Khokhorsk/'),(61,'Братск','3','30405','2013-11-10 11:19:54',NULL,'Russia/Irkutsk/Bratsk/'),(62,'Бикей','34','30405','2013-11-10 11:19:54',2,'Russia/Irkutsk/Bratskiy_Rayon/'),(63,'Гидростроитель','30','30405','2013-11-10 11:19:54',1,'Russia/Irkutsk/Gidrostroitel’/'),(64,'Добчур','172','30308','2013-11-10 11:19:54',2,'Russia/Irkutsk/Dobchur/'),(65,'Зяба','35','30405','2013-11-10 11:19:54',2,'Russia/Irkutsk/Bratskiy_Rayon/'),(66,'Кежемский','155','30405','2013-11-10 11:19:54',2,'Russia/Irkutsk/Kezhemskiy/'),(67,'Леоново','171','30405','2013-11-10 11:19:54',2,'Russia/Irkutsk/Leonova~2020831/'),(68,'Луговой','175','28136','2013-11-10 11:19:54',1,'Russia/Irkutsk/Lugovoy/'),(69,'Падун','31','30405','2013-11-10 11:19:54',2,'Russia/Irkutsk/Padun/'),(70,'Прибрежный','178','28136','2013-11-10 11:19:54',2,'Russia/Irkutsk/Pribrezhnyy/'),(71,'Сосновый','176','30405','2013-11-10 11:19:54',2,'Russia/Irkutsk/Pokosnoye/'),(72,'Тангуй','179','30308','2013-11-10 11:19:55',2,'Russia/Irkutsk/Tanguy/'),(73,'Турма','169','30308','2013-11-10 11:19:55',2,'Russia/Irkutsk/Turma/'),(74,'Тэмь','180','30308','2013-11-10 11:19:55',2,'Russia/Irkutsk/Tem’/'),(75,'Чекановский','33','30405','2013-11-10 11:19:55',2,'Russia/Irkutsk/Chekanovskiy/'),(76,'Шумилово','468','30405','2013-11-10 11:19:55',2,'Russia/Irkutsk/Sjumilovo/'),(77,'Энергетик','29','30405','2013-11-10 11:19:55',2,'Russia/Irkutsk/Padun/'),(78,'Южный Падун','32','30405','2013-11-10 11:19:55',2,'Russia/Irkutsk/Padun/'),(79,'Большеокинское','177','30405','2013-11-10 11:19:55',2,'Russia/Irkutsk/Bolsjeokinskoje/'),(80,'Калтук','173','30405','2013-11-10 11:19:55',2,'Russia/Irkutsk/Kaltuk/'),(81,'Ключи-Булак','445','30405','2013-11-10 11:19:55',2,'Russia/Irkutsk/Klyuchi-Bulak/'),(82,'Кузнецовка','36','30308','2013-11-10 11:19:55',2,'Russia/Irkutsk/Kuznetsovka/'),(83,'Покосное','181','30308','2013-11-10 11:19:55',2,'Russia/Irkutsk/Pokosnoje/'),(84,'Харанжино','174','30405','2013-11-10 11:19:55',2,'Russia/Irkutsk/Kharanzhino/'),(85,'Вихоревка','28','30308','2013-11-10 11:19:55',NULL,'Russia/Irkutsk/Vikhorevka/'),(86,'Гусиноозерск','338','30830','2013-11-10 11:19:55',NULL,'Russia/Burjatia/Gusinoozersk/'),(87,'Дэдэ-Ичетуй','437','30830','2013-11-10 11:19:55',2,'Russia/Buryatia/Dede-Ichetuy/'),(88,'Джида','265','30830','2013-11-10 11:19:55',2,'Russia/Burjatia/Dzjida/'),(89,'Армак','266','30914','2013-11-10 11:19:55',2,'Russia/Burjatia/Armak/'),(90,'Белоозерск','267','30830','2013-11-10 11:19:55',2,'Russia/Burjatia/Beloozersk/'),(91,'Желтура','268','30914','2013-11-10 11:19:55',2,'Russia/Buryatia/Zheltura/'),(92,'Оёр','269','30914','2013-11-10 11:19:55',2,'Russia/Buryatia/Dzhidinskiy_Rayon/'),(93,'Петропавловка','264','30914','2013-11-10 11:19:55',2,'Russia/Buryatia/Petropavlovka~2017979/'),(94,'Боргой','270','30830','2013-11-10 11:19:55',2,'Russia/Burjatia/Borgoj/'),(95,'Гунда','271','30758','2013-11-10 11:19:55',2,'Russia/Burjatia/Gunda~2023813/'),(96,'Комсомольское','272','30758','2013-11-10 11:19:55',2,'Russia/Buryatia/Komsomol\'skoye/'),(97,'Тужинка','273','30823','2013-11-10 11:19:55',2,'Russia/Buryatia/Yeravninskiy_Rayon/'),(98,'Укыр','274','30758','2013-11-10 11:19:55',2,'Russia/Burjatia/Ukyr/'),(99,'Железногорск-Илимский','51','30316','2013-11-10 11:19:55',NULL,'Russia/Irkutsk/Zheleznogorsk-Ilimskiy/'),(100,'Чикан','54','30316','2013-11-10 11:19:55',2,'Russia/Irkutsk/Tsjikan/'),(101,'Жигалово','53','33932','2013-11-10 11:19:55',2,'Russia/Irkutsk/Zjigalovo/'),(102,'Могойтуй','425','30758','2013-11-10 11:19:55',2,'Russia/Transbajkal/Mogojtuj~2019892/'),(103,'Горхон','276','30823','2013-11-10 11:19:56',2,'Russia/Buryatia/Gorkhon/'),(104,'Заиграево','277','30823','2013-11-10 11:19:56',2,'Russia/Buryatia/Zaigrayevo/'),(105,'Новоильинск','275','30823','2013-11-10 11:19:56',2,'Russia/Burjatia/Novoilinsk/'),(106,'Онохой','278','30823','2013-11-10 11:19:56',2,'Russia/Buryatia/Onokhoy/'),(108,'Эрхирик','128','30823','2013-11-10 11:19:56',2,'Russia/Buryatia/Erkherik/'),(109,'Илька','280','30823','2013-11-10 11:19:56',2,'Russia/Burjatia/Ilka/'),(110,'Новая Брянь','281','30823','2013-11-10 11:19:56',2,'Russia/Buryatia/Novaya_Bryan’~2019009/'),(111,'Новая Курба','410','30823','2013-11-10 11:19:56',2,'Russia/Buryatia/Novaya_Kurba/'),(112,'Усть-Брянь','284','30823','2013-11-10 11:19:56',2,'Russia/Buryatia/Ust’-Bryan’/'),(113,'Челутай','282','30823','2013-11-10 11:19:56',2,'Russia/Burjatia/Tsjelutaj~2025557/'),(114,'Шабур','283','30823','2013-11-10 11:19:56',2,'Russia/Burjatia/Sjabur/'),(115,'Тальцы','397','30823','2013-11-10 11:19:56',2,'Russia/Burjatia/Nizjnije_Taltsy/'),(116,'Закаменск','285','30914','2013-11-10 11:19:56',NULL,'Russia/Buryatia/Zakamensk/'),(117,'Михайловка','458','30914','2013-11-10 11:19:56',2,'Russia/Buryatia/Mikhaylovka~2020007/'),(118,'Делюр','359','28807','2013-11-10 11:19:56',2,'Russia/Irkutsk/Delyur/'),(119,'Залари','189','27532','2013-11-10 11:19:56',2,'Russia/Irkutsk/Zalari/'),(120,'Тыреть-1','193','27532','2013-11-10 11:19:56',2,'Russia/Irkutsk/Tyret’_Pervaya/'),(121,'Бабагай','192','28130','2013-11-10 11:19:56',2,'Russia/Irkutsk/Babagay/'),(122,'Владимир','194','27532','2013-11-10 11:19:56',1,'Russia/Irkutsk/Vladimir/'),(123,'Моисеевка','398','28807','2013-11-10 11:19:56',2,'Russia/Irkutsk/Moiseyevka/'),(124,'Мойган','447','28130','2013-11-10 11:19:56',2,'Russia/Irkutsk/Moygan/'),(125,'Новочеремхово','195','27532','2013-11-10 11:19:57',2,'Russia/Irkutsk/Novocheremkhovo/'),(126,'Тагна','190','28807','2013-11-10 11:19:57',2,'Russia/Irkutsk/Tagna~2015722/'),(127,'Троицк','187','28748','2013-11-10 11:19:57',1,'Russia/Irkutsk/Troitsk~2015068/'),(128,'Ханжиново','358','28807','2013-11-10 11:19:57',2,'Russia/Irkutsk/Khanzhinovo/'),(129,'Холмогой','188','27532','2013-11-10 11:19:57',2,'Russia/Irkutsk/Kholmogoy/'),(130,'Хор-Тагна','191','28807','2013-11-10 11:19:57',2,'Russia/Irkutsk/Zalarinskiy_Rayon/'),(131,'Зима','55','30603','2013-11-10 11:19:57',NULL,'Russia/Irkutsk/Zima/'),(132,'Батама','57','30603','2013-11-10 11:19:57',2,'Russia/Irkutsk/Batama/'),(133,'Центральный Хазан','56','28807','2013-11-10 11:19:57',2,'Russia/Irkutsk/Tsentralnyj_Khazan/'),(134,'Кимильтей','198','30509','2013-11-10 11:19:57',2,'Russia/Irkutsk/Kimiltej~2022105/'),(135,'Масляногорск','199','28807','2013-11-10 11:19:57',2,'Russia/Irkutsk/Maslyanogorsk/'),(136,'Покровка','197','30603','2013-11-10 11:19:57',2,'Russia/Irkutsk/Pokrovka~2017822/'),(137,'Самара','58','28807','2013-11-10 11:19:57',2,'Russia/Irkutsk/Samara/'),(138,'Харайгун','75','30509','2013-11-10 11:19:57',2,'Russia/Irkutsk/Kharaygun/'),(139,'Иволгинск','289','30823','2013-11-10 11:19:57',2,'Russia/Buryatia/Ivolginsk/'),(140,'Нур-селение','129','30823 ','2013-11-10 11:19:57',2,'Russia/Buryatia/Nur-Seleniye/'),(141,'Сосновый бор','396','30823','2013-11-10 11:19:57',2,'Russia/Buryatia/Ivolginskiy_Rayon/'),(142,'Сотниково','131','30823','2013-11-10 11:19:57',2,'Russia/Buryatia/Sotnikovo/'),(143,'Гурульба','288','30823','2013-11-10 11:19:57',2,'Russia/Burjatia/Gurulba/'),(144,'Ключи','416','30823','2013-11-10 11:19:57',2,'Russia/Buryatia/Klyuchi/'),(145,'Колобки','287','30823','2013-11-10 11:19:57',2,'Russia/Burjatia/Kolobki/'),(146,'Сотниково','286','30823','2013-11-10 11:19:58',2,'Russia/Buryatia/Sotnikovo/'),(147,'Иркутск','2','30710','2013-11-10 11:19:58',NULL,'Russia/Irkutsk/Irkutsk/'),(148,'Бурдаковка','249','27457','2013-11-10 11:19:58',2,'Russia/Irkutsk/Burdanovka/'),(149,'Бутырки','374','30713','2013-11-10 11:19:58',1,'Russia/Irkutsk/Butyrki/'),(150,'Егоровщина','381','30713','2013-11-10 11:19:58',2,'Russia/Irkutsk/Yegorovshchina/'),(151,'Лыловщина','362','30715','2013-11-10 11:19:58',2,'Russia/Irkutsk/Lylovshchina/'),(152,'Новогрудинина','403','30710','2013-11-10 11:19:58',2,'Russia/Irkutsk/Novogrudinina/'),(153,'Новолисиха','414','27457','2013-11-10 11:19:58',2,'Russia/Irkutsk/Novolisikha/'),(154,'Ревякина','373','30713','2013-11-10 11:19:58',2,'Russia/Irkutsk/Revyakina/'),(155,'Усть-Куда','364','30715','2013-11-10 11:19:58',2,'Russia/Irkutsk/Ust-Kuda/'),(156,'Никольск','376','27871','2013-11-10 11:19:58',2,'Russia/Irkutsk/Nikol\'sk/'),(157,'Большая Речка','371','30813','2013-11-10 11:19:58',2,'Russia/Irkutsk/Bol\'shaya_Rechka/'),(158,'Большие Коты','149','30710','2013-11-10 11:19:58',2,'Irkutsk/Listvyanka~2020744/'),(159,'Большое Голоустное','138','30813','2013-11-10 11:19:58',1,'Russia/Irkutsk/Bol’shoye_Goloustnoye/'),(160,'Бурдугуз','427','30813','2013-11-10 11:19:58',2,'Russia/Irkutsk/Burduguz/'),(161,'Грановщина','384','30715','2013-11-10 11:19:58',2,'Russia/Irkutsk/Granovshchina/'),(162,'Дзержинск','20','27457','2013-11-10 11:19:58',1,'Russia/Irkutsk/Dzerzhinsk/'),(163,'Карлук','377','30710','2013-11-10 11:19:58',2,'Russia/Irkutsk/Karluk~2023126/'),(164,'Куда','388','30710','2013-11-10 11:19:58',2,'Russia/Irkutsk/Kuda/'),(165,'Листвянка','250','30813','2013-11-10 11:19:58',NULL,'Russia/Irkutsk/Listvjanka~2020744/'),(166,'Малая Топка','25','30710','2013-11-10 11:19:58',2,'Russia/Irkutsk/Malaya_Topka/'),(167,'Маркова','21','30711','2013-11-10 11:19:58',2,'Russia/Irkutsk/Markova~2056881/'),(168,'Молодежный','18','27457','2013-11-10 11:19:58',2,'Russia/Irkutsk/Irkutskiy_Rayon/'),(169,'Никола','253','30813','2013-11-10 11:19:58',2,'Russia/Irkutsk/Nikola/'),(170,'Новоиркутский','27','30710','2013-11-10 11:19:59',2,'Russia/Irkutsk/Irkutskiy_Rayon/'),(171,'Новоразводная','26','30710','2013-11-10 11:19:59',2,'Russia/Irkutsk/Novorazvodnaya/'),(172,'Оек','385','30710','2013-11-10 11:19:59',2,'Russia/Irkutsk/Ojek/'),(173,'Патроны','252','30710','2013-11-10 11:19:59',2,'Russia/Irkutsk/Patrony~2018095/'),(174,'Плишкино','23','27457','2013-11-10 11:19:59',2,'Russia/Irkutsk/Plishkino/'),(175,'Сосновый бор','390','30713','2013-11-10 11:19:59',2,'Russia/Irkutsk/Sosnovyy_Bor/'),(176,'Тальцы','402','30813','2013-11-10 11:19:59',2,'Russia/Irkutsk/Tal’tsy/'),(177,'Топкинский','19','30710','2013-11-10 11:19:59',2,'Russia/Irkutsk/Irkutskiy_Rayon/'),(178,'Урик','369','30715','2013-11-10 11:19:59',2,'Russia/Irkutsk/Urik~2014128/'),(179,'Усть-Балей','370','30715','2013-11-10 11:19:59',2,'Russia/Irkutsk/Ust-Balej/'),(180,'Хомутово','375','30710','2013-11-10 11:19:59',2,'Russia/Irkutsk/Khomutovo/'),(181,'Малое Голоустное','137','30813','2013-11-10 11:19:59',1,'Russia/Irkutsk/Maloye_Goloustnoye/'),(182,'Мамоны','24','30710','2013-11-10 11:19:59',2,'Russia/Irkutsk/Mamony/'),(183,'Пивовариха','22','27457','2013-11-10 11:19:59',2,'Russia/Irkutsk/Pivovarikha/'),(184,'Факел','448','30710','2013-11-10 11:19:59',2,'Russia/Irkutsk/Irkutskiy_Rayon/'),(185,'Фофоново','301','30729','2013-11-10 11:19:59',2,'Russia/Burjatia/Fofonovo/'),(186,'Выдрино','306','30818','2013-11-10 11:19:59',2,'Russia/Burjatia/Vydrino/'),(187,'Кабанск','290','30729','2013-11-10 11:19:59',NULL,'Russia/Buryatia/Kabansk/'),(188,'Каменск','292','30729','2013-11-10 11:19:59',2,'Russia/Buryatia/Kamensk/'),(189,'Посольск','300','30729','2013-11-10 11:20:00',2,'Russia/Buryatia/Posol\'skaya/'),(190,'Селенгинск','291','30729','2013-11-10 11:20:00',2,'Russia/Buryatia/Selenginsk/'),(191,'Шигаево','293','30729','2013-11-10 11:20:00',2,'Russia/Buryatia/Shigayevo/'),(192,'Байкало-Кудара','294','30729','2013-11-10 11:20:00',2,'Russia/Buryatia/Kudara/'),(194,'Истомино','305','30729','2013-11-10 11:20:00',2,'Russia/Burjatia/Istomino/'),(195,'Култушная','418','30822','2013-11-10 11:20:00',2,'Russia/Buryatia/Kabanskiy_Rayon/'),(196,'Мишиха','295','30822','2013-11-10 11:20:00',2,'Russia/Buryatia/Mishikha~2019944/'),(197,'Оймур','296','30729','2013-11-10 11:20:00',2,'Russia/Buryatia/Oymur/'),(198,'Сухая','297','28137','2013-11-10 11:20:00',2,'Russia/Buryatia/Sukhaya~2015958/'),(199,'Энхэлук','298','30729','2013-11-10 11:20:00',2,'Russia/Buryatia/Kabanskiy_Rayon/'),(200,'Переёмная','303','30813','2013-11-10 11:20:00',2,'Russia/Buryatia/Pereyëmnaya/'),(201,'Танхой','302','30813','2013-11-10 11:20:00',2,'Russia/Buryatia/Tankhoy/'),(202,'Магистральный','139','30320','2013-11-10 11:20:00',2,'Russia/Irkutsk/Magistralnyj/'),(203,'Улькан','140','30435','2013-11-10 11:20:00',2,'Russia/Irkutsk/Ulkan~2014353/'),(204,'Казачинское','141','30320','2013-11-10 11:20:00',2,'Russia/Irkutsk/Kazachinskoye/'),(205,'Ербогачен','48','24817','2013-11-10 11:20:00',NULL,'Russia/Irkutsk/Jerbogatsjen/'),(206,'Непа','49','30117','2013-11-10 11:20:00',2,'Russia/Irkutsk/Nepa/'),(207,'Подволошино','449','30230','2013-11-10 11:20:00',2,'Russia/Irkutsk/Podvolosjino/'),(208,'Преображенка','50','24817','2013-11-10 11:20:00',2,'Russia/Irkutsk/Preobrazhenka/'),(209,'Нагалык','450','30713','2013-11-10 11:20:00',2,'Russia/Irkutsk/Nagalyk/'),(210,'Хальск','200','28324','2013-11-10 11:20:00',2,'Russia/Irkutsk/Khalsk/'),(211,'Шишкина','457','28324','2013-11-10 11:20:00',2,'Russia/Irkutsk/Sjisjkina/'),(212,'Щапова','451','28324','2013-11-10 11:20:00',2,'Russia/Irkutsk/Shchapova/'),(213,'Бирюлька','432','30713','2013-11-10 11:20:00',2,'Russia/Irkutsk/Birjulka/'),(214,'Верхоленск','452','33932','2013-11-10 11:20:00',2,'Russia/Irkutsk/Verkholensk/'),(215,'Качуг','59','33932','2013-11-10 11:20:00',2,'Russia/Irkutsk/Katsjug/'),(216,'Никилей','383','30629','2013-11-10 11:20:01',2,'Russia/Irkutsk/Nikiley/'),(217,'Манзурка','201','30713','2013-11-10 11:20:01',2,'Russia/Irkutsk/Manzurka/'),(218,'Харбатово','386','30629','2013-11-10 11:20:01',2,'Russia/Irkutsk/Kharbatovo/'),(219,'Кижинга','307','30823','2013-11-10 11:20:01',2,'Russia/Burjatia/Kizjinga/'),(220,'Усть-Орот','309','30823','2013-11-10 11:20:01',2,'Russia/Buryatia/Kizhinga/'),(222,'Новокижингинск','308','30823','2013-11-10 11:20:01',2,'Russia/Buryatia/Novokizhinginsk/'),(223,'Киренск','60','30230','2013-11-10 11:20:01',NULL,'Russia/Irkutsk/Kirensk/'),(224,'Макарово','466','30230','2013-11-10 11:20:02',2,'Russia/Irkutsk/Makarovo/'),(225,'Алексеевск','61','30230','2013-11-10 11:20:02',1,'Russia/Irkutsk/Alekseyevsk/'),(226,'Барлук','63','37223','2013-11-10 11:20:06',2,'Russia/Irkutsk/Barluk/'),(227,'Бурук','64','37223','2013-11-10 11:20:06',2,'Russia/Irkutsk/Buruk/'),(228,'Куйтун','62','30711','2013-11-10 11:20:07',2,'Russia/Irkutsk/Kujtun/'),(229,'Тулюшка','203','37223','2013-11-10 11:20:07',2,'Russia/Irkutsk/Tulyushka/'),(230,'Уховский','210','37223','2013-11-10 11:20:07',2,'Russia/Irkutsk/Kuytunskiy_Rayon/'),(231,'Карымск','408','30509','2013-11-10 11:20:07',2,'Russia/Irkutsk/Karymsk/'),(232,'Ключи','426','37223','2013-11-10 11:20:07',2,'Russia/Irkutsk/Klyuchi~2021966/'),(233,'Кундуй','202','37223','2013-11-10 11:20:07',2,'Russia/Irkutsk/Kunduy~2021300/'),(234,'Уян','428','30509','2013-11-10 11:20:08',2,'Russia/Irkutsk/Uyan/'),(235,'Курумкан','310','30547','2013-11-10 11:20:08',NULL,'Russia/Burjatia/Kurumkan/'),(236,'Барагхан','311','30547','2013-11-10 11:20:08',2,'Russia/Buryatia/Kurumkan/'),(237,'Майский','312','30547','2013-11-10 11:20:08',2,'Russia/Buryatia/Kurumkanskiy_Rayon/'),(238,'Могойто','313','30547','2013-11-10 11:20:08',2,'Russia/Buryatia/Mogoyto/'),(239,'Аргада','314','30547','2013-11-10 11:20:08',2,'Russia/Buryatia/Argoda/'),(240,'Кяхта','315','30925','2013-11-10 11:20:08',NULL,'Russia/Burjatia/Kjakhta/'),(241,'Наушки','317','30830','2013-11-10 11:20:08',2,'Russia/Buryatia/Naushki/'),(242,'Октябрьский','318','30830','2013-11-10 11:20:08',2,'Russia/Buryatia/Chikoy/'),(243,'Тамир','429','30830','2013-11-10 11:20:08',2,'Russia/Buryatia/Tamir/'),(244,'Кудара-Сомон','319','30830','2013-11-10 11:20:08',2,'Russia/Buryatia/Kudara-Somon/'),(245,'Усть-Дунгуй','417','30830','2013-11-10 11:20:08',2,'Russia/Buryatia/Dunguy/'),(246,'Усть-Киран','320','30830','2013-11-10 11:20:08',2,'Russia/Burjatia/Ust-Kiran/'),(247,'Усть-Кяхта','316','30830','2013-11-10 11:20:08',2,'Russia/Burjatia/Ust-Kjakhta/'),(248,'Чикой','439','30830','2013-11-10 11:20:08',2,'Russia/Burjatia/Tsjikoj/'),(249,'Харлунское','431','30830','2013-11-10 11:20:08',2,'Russia/Buryatia/Kyakhtinskiy_Rayon/'),(250,'Витимский','81','30253','2013-11-10 11:20:08',2,'Russia/Irkutsk/Vitimskiy/'),(251,'Луговский','82','30253','2013-11-10 11:20:08',2,'Russia/Irkutsk/Lugovskij/'),(252,'Мама','83','30253','2013-11-10 11:20:08',2,'Russia/Irkutsk/Mama/'),(253,'Таксимо','133','30253','2013-11-10 11:20:08',2,'Russia/Buryatia/Taksimo/'),(254,'Мухоршибирь','325','30830','2013-11-10 11:20:08',2,'Russia/Buryatia/Mukhor-Shibir\'/'),(255,'Никольск','322','27871','2013-11-10 11:20:08',2,'Russia/Buryatia/Nikol\'sk~2019242/'),(256,'Саган-Нур','132','30823','2013-11-10 11:20:08',2,'Russia/Buryatia/Kusoty/'),(257,'Тугнуй','438','30823','2013-11-10 11:20:08',2,'Russia/Buryatia/Tugnuy/'),(258,'Хонхолой','323','30823','2013-11-10 11:20:08',2,'Russia/Burjatia/Khonkholoj~2022331/'),(259,'Цолга','324','30830','2013-11-10 11:20:08',2,'Russia/Buryatia/Tsolga/'),(260,'Черноярово','321','30830','2013-11-10 11:20:08',2,'Russia/Burjatia/Tsjernojarovo/'),(261,'Хошун-Узур','434','30823','2013-11-10 11:20:08',2,'Russia/Buryatia/Khoshun-Uzur/'),(262,'Видим','154','30316','2013-11-10 11:20:08',2,'Russia/Irkutsk/Vidim/'),(263,'Заярск','470','30405','2013-11-10 11:20:08',2,'Russia/Irkutsk/Zayarsk/'),(264,'Игирма','72','30316','2013-11-10 11:20:08',2,'Russia/Irkutsk/Novaya_Igirma/'),(265,'Речушка','153','30316','2013-11-10 11:20:08',2,'Russia/Irkutsk/Retsjusjka/'),(266,'Рудногорск','73','30117','2013-11-10 11:20:08',2,'Russia/Irkutsk/Rudnogorsk/'),(267,'Суворовский','52','30316','2013-11-10 11:20:09',2,'Russia/Irkutsk/Shestakovo~2016732/'),(268,'Карстовая','405','30316','2013-11-10 11:20:09',2,'Russia/Irkutsk/Nizhneilimskiy_Rayon/'),(269,'Черная','404','30316','2013-11-10 11:20:09',2,'Russia/Irkutsk/Chërnaya~2025500/'),(270,'Нижнеудинск','67','29698','2013-11-10 11:20:09',NULL,'Russia/Irkutsk/Nizhneudinsk/'),(271,'Алзамай','392','29589','2013-11-10 11:20:09',NULL,'Russia/Irkutsk/Alzamay/'),(272,'Атагай','68','29698','2013-11-10 11:20:09',2,'Russia/Irkutsk/Atagay/'),(273,'Вознесенский','69','29698','2013-11-10 11:20:09',2,'Russia/Irkutsk/Nizhneudinskiy_Rayon/'),(274,'Замзор','391','29589','2013-11-10 11:20:09',2,'Russia/Irkutsk/Zamzor/'),(275,'Камышет','406','29589','2013-11-10 11:20:09',2,'Russia/Irkutsk/Kamysjet/'),(276,'Мельничный','71','30230','2013-11-10 11:20:09',2,'Russia/Irkutsk/Mel’nichnyy~6917591/'),(277,'Ук','185','29698','2013-11-10 11:20:09',2,'Russia/Irkutsk/Uk/'),(278,'Худоелань','184','29698','2013-11-10 11:20:09',2,'Russia/Irkutsk/Nizhneudinskiy_Rayon/'),(279,'Шумский','70','29698','2013-11-10 11:20:09',2,'Russia/Irkutsk/Sjumskij/'),(280,'Шеберта','186','30504','2013-11-10 11:20:09',2,'Russia/Irkutsk/Sheberta/'),(281,'Новоленино','161','33932','2013-11-10 11:20:09',2,'Russia/Irkutsk/Novolenino/'),(282,'Новонукутский','162','27532','2013-11-10 11:20:09',2,'Russia/Irkutsk/Novonukutskiy/'),(283,'Целинный','164','27532','2013-11-10 11:20:09',2,'Russia/Irkutsk/Tselinnyy/'),(284,'Закулей','160','33932','2013-11-10 11:20:09',2,'Russia/Irkutsk/Zakuley/'),(285,'Нукуты','453','33932','2013-11-10 11:20:09',2,'Russia/Irkutsk/Nukuty/'),(286,'Первомайское','163','33932','2013-11-10 11:20:09',2,'Russia/Irkutsk/Zakuley/'),(287,'Хадахан','159','33932','2013-11-10 11:20:10',2,'Russia/Irkutsk/Khadakhan/'),(288,'Орлик','411','30806','2013-11-10 11:20:10',2,'Russia/Buryatia/Orlik/'),(289,'Бугульдейка','146','30713','2013-11-10 11:20:10',1,'Russia/Irkutsk/Bugul\'deyka/'),(290,'Куркут','407','30629','2013-11-10 11:20:10',2,'Russia/Irkutsk/Ol’khonskiy_Rayon/'),(291,'Курма','148','30629','2013-11-10 11:20:10',2,'Russia/Irkutsk/Kurma/'),(292,'Петрова','145','30629','2013-11-10 11:20:10',2,'Russia/Irkutsk/Petrova/'),(293,'Борсой','465','30629','2013-11-10 11:20:10',2,'Russia/Irkutsk/Borsoy/'),(294,'Сахюрта','144','30629','2013-11-10 11:20:10',2,'Russia/Irkutsk/Sakhyurta/'),(295,'Узуры','79','30629','2013-11-10 11:20:10',2,'Russia/Irkutsk/Uzury/'),(296,'Хужир','80','30629','2013-11-10 11:20:10',NULL,'Russia/Irkutsk/Khuzhir/'),(297,'Еланцы','147','30629','2013-11-10 11:20:10',2,'Russia/Irkutsk/Yelantsy/'),(298,'Шара-Тогот','421','30629','2013-11-10 11:20:10',2,'Russia/Irkutsk/Shara-Togot/'),(299,'Лузгина','366','28324','2013-11-10 11:20:10',2,'Russia/Irkutsk/Luzgina/'),(300,'Грязнушка','245','28324','2013-11-10 11:20:10',1,'Russia/Irkutsk/Gryaznushka/'),(301,'Онгосор','365','28324','2013-11-10 11:20:10',2,'Russia/Irkutsk/Ongosor/'),(302,'Приморский','247','33932','2013-11-10 11:20:10',2,'Russia/Irkutsk/Primorskiy~2050839/'),(303,'Майск','243','28324','2013-11-10 11:20:10',2,'Russia/Irkutsk/Osinskiy_Rayon/'),(304,'Ново-Ленино','395','33932','2013-11-10 11:20:10',2,'Russia/Irkutsk/Novolenino/'),(305,'Обуса','367','33932','2013-11-10 11:20:10',2,'Russia/Irkutsk/Obusa/'),(306,'Усть-Алтан','368','28324','2013-11-10 11:20:10',2,'Russia/Irkutsk/Ust-Altan/'),(307,'Мольта','244','28324','2013-11-10 11:20:10',2,'Russia/Irkutsk/Osinskiy_Rayon/'),(308,'Оса','248','28324','2013-11-10 11:20:10',2,'Russia/Irkutsk/Osa/'),(309,'Унгин','246','33932','2013-11-10 11:20:10',2,'Russia/Irkutsk/Osinskiy_Rayon/'),(310,'Острог','332','30823','2013-11-10 11:20:10',2,'Russia/Buryatia/Pribaykal’skiy_Rayon/'),(311,'Ильинка','327','30729','2013-11-10 11:20:10',2,'Russia/Buryatia/Il\'inka~2023655/'),(312,'Турка','329','30731','2013-11-10 11:20:10',2,'Russia/Burjatia/Turka/'),(313,'Турунтаево','333','30729','2013-11-10 11:20:10',2,'Russia/Burjatia/Turuntajevo/'),(314,'Югово','328','30729','2013-11-10 11:20:11',2,'Russia/Burjatia/Jugovo/'),(315,'Горячинск','330','30731','2013-11-10 11:20:11',NULL,'Russia/Buryatia/Goryachinsk/'),(316,'Гремячинск','326','28137','2013-11-10 11:20:11',1,'Russia/Buryatia/Gremyachinsk/'),(317,'Гурулёво','331','28137','2013-11-10 11:20:11',2,'Russia/Buryatia/Gurulevo/'),(318,'Саянск','74','30509','2013-11-10 11:20:11',NULL,'Russia/Irkutsk/Sajansk/'),(319,'Свирск','76','30614','2013-11-10 11:20:11',NULL,'Russia/Irkutsk/Svirsk/'),(320,'Северобайкальск','334','30435','2013-11-10 11:20:11',NULL,'Russia/Buryatia/Severobaykal\'sk/'),(321,'Нижнеангарск','335','30435','2013-11-10 11:20:11',2,'Russia/Burjatia/Nizjneangarsk/'),(322,'Новый Уоян','336','30435','2013-11-10 11:20:11',2,'Russia/Buryatia/Novyy_Uoyan/'),(323,'Янчукан','337','30253','2013-11-10 11:20:11',2,'Russia/Buryatia/Yanchukan/'),(324,'Верхняя Заимка','460','30435','2013-11-10 11:20:11',2,'Russia/Buryatia/Verkhnyaya_Zaimka/'),(325,'Селендума','340','30830','2013-11-10 11:20:11',2,'Russia/Buryatia/Selenduma/'),(326,'Ардасан','341','30830','2013-11-10 11:20:11',2,'Russia/Buryatia/Selenginskiy_Rayon/'),(327,'Гусиное озеро','339','30830','2013-11-10 11:20:11',2,'Russia/Buryatia/Gusinoye_Ozero/'),(328,'Новоселенгинск','342','30830','2013-11-10 11:20:11',2,'Russia/Buryatia/Novoselenginsk/'),(329,'Ташир','343','30830','2013-11-10 11:20:11',2,'Russia/Burjatia/Tasjir/'),(330,'Слюдянка','77','30810','2013-11-10 11:20:11',NULL,'Russia/Irkutsk/Sljudjanka/'),(331,'Ангасолка','151','30810','2013-11-10 11:20:11',2,'Russia/Irkutsk/Angasolka/'),(332,'Култук','65','30810','2013-11-10 11:20:11',2,'Russia/Irkutsk/Kultuk~2021343/'),(333,'Мангутай','78','30810','2013-11-10 11:20:11',2,'Russia/Irkutsk/Mangutay/'),(334,'Мурино','38','30818','2013-11-10 11:20:11',2,'Russia/Irkutsk/Murino~2019636/'),(335,'Новоснежная','39','30818','2013-11-10 11:20:12',2,'Russia/Irkutsk/Novosnezhnaya/'),(336,'Солзан','454','30818','2013-11-10 11:20:12',2,'Russia/Irkutsk/Solzan/'),(337,'Утулик','40','30818','2013-11-10 11:20:12',2,'Russia/Irkutsk/Utulik/'),(338,'Быстрое','66','30810','2013-11-10 11:20:12',2,'Russia/Irkutsk/Slyudyanskiy_Rayon/'),(339,'Тайшет','93','29594','2013-11-10 11:20:12',NULL,'Russia/Irkutsk/Tayshet/'),(340,'Байроновка','96','29594','2013-11-10 11:20:12',2,'Russia/Irkutsk/Bajronovka/'),(341,'Квиток','167','29594','2013-11-10 11:20:12',2,'Russia/Irkutsk/Kvitok/'),(342,'Николаевка','204','29594','2013-11-10 11:20:12',2,'Russia/Irkutsk/Tayshetskiy_Rayon/'),(343,'Облепиха','440','29589','2013-11-10 11:20:12',2,'Russia/Irkutsk/Oblepikha/'),(344,'Разгон','393','29589','2013-11-10 11:20:12',2,'Russia/Irkutsk/Razgon/'),(345,'Топорок','165','29594','2013-11-10 11:20:12',2,'Russia/Irkutsk/Toporok~6918524/'),(346,'Черемшанка','94','29588','2013-11-10 11:20:12',2,'Russia/Irkutsk/Cheremshanka~1508218/'),(347,'Шиткино','166','29594','2013-11-10 11:20:12',2,'Russia/Irkutsk/Shitkino/'),(348,'Юрты','97','29588','2013-11-10 11:20:12',2,'Russia/Irkutsk/Jurty/'),(349,'Конторка','205','29588','2013-11-10 11:20:12',2,'Russia/Irkutsk/Kontorka/'),(350,'Половина-Черемхово','206','29588','2013-11-10 11:20:12',2,'Russia/Irkutsk/Polovino-Cheremkhovo/'),(351,'Николаевский','345','30823','2013-11-10 11:20:12',2,'Russia/Buryatia/Tarbagatayskiy_Rayon/'),(352,'Нижний Саянтуй','130','30823','2013-11-10 11:20:13',2,'Russia/Buryatia/Nizhniy_Sayantuy/'),(353,'Тарбагатай','344','30823','2013-11-10 11:20:13',2,'Russia/Burjatia/Tarbagataj~2015544/'),(354,'Тулун','98','30504','2013-11-10 11:20:13',NULL,'Russia/Irkutsk/Tulun/'),(355,'Нюра','104','30504','2013-11-10 11:20:13',2,'Russia/Irkutsk/Nyura/'),(356,'Будагово','207','30504','2013-11-10 11:20:13',2,'Russia/Irkutsk/Budagovo/'),(357,'Гуран','183','30504','2013-11-10 11:20:13',1,'Russia/Irkutsk/Guran/'),(358,'Едогон','100','30504','2013-11-10 11:20:13',2,'Russia/Irkutsk/Yedogon/'),(359,'Икей','101','30504','2013-11-10 11:20:13',2,'Russia/Irkutsk/Ikej/'),(360,'Ишидей','99','30504','2013-11-10 11:20:13',2,'Russia/Irkutsk/Isjidej/'),(361,'Мугун','433','30504','2013-11-10 11:20:13',2,'Russia/Irkutsk/Mugun/'),(362,'Писарево','102','30504','2013-11-10 11:20:13',2,'Russia/Irkutsk/Tulunskiy_Rayon/'),(363,'Шерагул','208','30504','2013-11-10 11:20:13',2,'Russia/Irkutsk/Sheragul~1492257/'),(364,'Алгатуй','103','30504','2013-11-10 11:20:13',2,'Russia/Irkutsk/Algatuy~2050539/'),(365,'Бадар','435','30504','2013-11-10 11:20:13',2,'Russia/Irkutsk/Badar/'),(366,'Буслайка','182','30504','2013-11-10 11:20:13',2,'Russia/Irkutsk/Buslayka/'),(367,'Гадалей','209','30504','2013-11-10 11:20:13',2,'Russia/Irkutsk/Gadaley/'),(368,'Аршан','346','29997','2013-11-10 11:20:13',NULL,'Russia/Burjatia/Arsjan~2027464/'),(369,'Гужиры','352','29997','2013-11-10 11:20:13',2,'Russia/Buryatia/Guzhiry/'),(370,'Кырен','353','30806','2013-11-10 11:20:13',NULL,'Russia/Buryatia/Kyren/'),(371,'Нилова Пустынь','347','30806','2013-11-10 11:20:13',2,'Russia/Buryatia/Nilovka/'),(372,'Торы','348','29997','2013-11-10 11:20:13',2,'Russia/Buryatia/Tory/'),(373,'Жемчуг','349','30806','2013-11-10 11:20:13',2,'Russia/Buryatia/Zhemchug/'),(374,'Зактуй','461','30806','2013-11-10 11:20:13',2,'Russia/Buryatia/Zaktuy/'),(375,'Монды','350','30806','2013-11-10 11:20:13',2,'Russia/Buryatia/Mondy/'),(376,'Тунка','351','29997','2013-11-10 11:20:13',2,'Russia/Buryatia/Tunka/'),(377,'Улан-Удэ','127','30823','2013-11-10 11:20:13',NULL,'Russia/Buryatia/Ulan-Ude/'),(378,'Большая Елань','10','34253','2013-11-10 11:20:13',1,'Russia/Irkutsk/Bol’shaya_Yelan’/'),(379,'Тальяны','6','30925','2013-11-10 11:20:13',2,'Russia/Irkutsk/Taljany/'),(380,'Усолье-Сибирское','116','30712','2013-11-10 11:20:13',NULL,'Russia/Irkutsk/Usolje-Sibirskoje/'),(381,'Белореченский','119','30712','2013-11-10 11:20:13',2,'Russia/Irkutsk/Usolje-Sibirskoje/'),(382,'Буреть','118','30614','2013-11-10 11:20:13',2,'Russia/Irkutsk/Buret~2013533/'),(383,'Мишелевка','120','34253','2013-11-10 11:20:14',2,'Russia/Irkutsk/Mishelevka/'),(384,'Новожилкино','14','30925','2013-11-10 11:20:14',2,'Russia/Irkutsk/Novozhilkino/'),(385,'Новомальтинск','124','30712','2013-11-10 11:20:14',2,'Russia/Irkutsk/Novomal\'tinsk/'),(386,'Сосновка','117','28504','2013-11-10 11:20:14',NULL,'Russia/Kirov/Sosnovka/'),(387,'Средний','125','34352','2013-11-10 11:20:14',2,'Russia/Irkutsk/Sredniy/'),(388,'Старый Китой','13','30715','2013-11-10 11:20:14',2,'Russia/Irkutsk/Kitoj~2022025/'),(389,'Тайтурка','123','30712','2013-11-10 11:20:14',2,'Russia/Irkutsk/Tajturka/'),(390,'Биликтуй','15','30715','2013-11-10 11:20:14',2,'Russia/Irkutsk/Biliktuj/'),(391,'Большежилкино','12','30715','2013-11-10 11:20:14',2,'Russia/Irkutsk/Angarskiy_Rayon/'),(392,'Одинск','11','30925','2013-11-10 11:20:14',2,'Russia/Irkutsk/Odinsk/'),(393,'Раздолье','7','30925','2013-11-10 11:20:14',2,'Russia/Irkutsk/Razdol\'ye/'),(394,'Тельма','122','30712','2013-11-10 11:20:14',2,'Russia/Irkutsk/Telma/'),(395,'Усть-Илимск','113','30117','2013-11-10 11:20:14',NULL,'Russia/Irkutsk/Ust-Ilimsk/'),(396,'Дубынино','469','30405','2013-11-10 11:20:14',2,'Russia/Irkutsk/Dubynino/'),(397,'Ершово','471','30117','2013-11-10 11:20:14',2,'Russia/Irkutsk/Jersjovo/'),(398,'Железнодорожный','114','30117','2013-11-10 11:20:14',2,'Russia/Irkutsk/Zheleznodorozhnyy~2012561/'),(399,'Лесной','115','30117','2013-11-10 11:20:14',2,'Russia/Irkutsk/Ust’-Ilimskiy_Rayon/'),(400,'Эдучанка','136','30117','2013-11-10 11:20:14',2,'Russia/Irkutsk/Edutsjanka/'),(401,'Тубинский','134','30117','2013-11-10 11:20:14',2,'Russia/Irkutsk/Tubinskiy~2055861/'),(402,'Седаново','135','30405','2013-11-10 11:20:14',2,'Russia/Irkutsk/Sedanovo/'),(403,'Усть-Кут','89','30320','2013-11-10 11:20:14',NULL,'Russia/Irkutsk/Ust-Kut/'),(404,'Верхнемарково','90','30230','2013-11-10 11:20:14',2,'Russia/Irkutsk/Verkhneye_Markovo~2013626/'),(405,'Звездный','142','30823','2013-11-10 11:20:14',2,'Russia/Irkutsk/Zvezdnyj/'),(406,'Курорт','91','30320','2013-11-10 11:20:14',2,'Russia/Irkutsk/Ust’-Kutskiy_Rayon/'),(407,'Ния','143','30320','2013-11-10 11:20:14',2,'Russia/Irkutsk/Niya~2019201/'),(408,'Толстый Мыс','422','30629','2013-11-10 11:20:14',2,'Russia/Irkutsk/Tolstyy_Mys/'),(409,'Якурим','92','30320','2013-11-10 11:20:14',2,'Russia/Irkutsk/Yakurim/'),(410,'Янталь','156','30320','2013-11-10 11:20:15',2,'Russia/Irkutsk/Jantal/'),(411,'Каймоново','413','30320','2013-11-10 11:20:15',2,'Russia/Irkutsk/Kajmonovo/'),(412,'Малышевка','212','33932','2013-11-10 11:20:15',2,'Russia/Irkutsk/Malyshevka/'),(413,'Молька','215','33932','2013-11-10 11:20:15',2,'Russia/Irkutsk/Mol’ka~2019844/'),(414,'Усть-Уда','363','30509','2013-11-10 11:20:15',2,'Russia/Irkutsk/Ust\'-Uda/'),(415,'Новая Уда','401','33932','2013-11-10 11:20:15',2,'Russia/Irkutsk/Novaya_Uda/'),(416,'Светлолобово','213','30509','2013-11-10 11:20:15',2,'Russia/Irkutsk/Svetlolobovo/'),(417,'Средняя Муя','214','30509','2013-11-10 11:20:15',2,'Russia/Irkutsk/Srednyaya_Muya/'),(418,'Хоринск','357','30823','2013-11-10 11:20:15',2,'Russia/Buryatia/Khorinsk/'),(419,'Амгаланта','354','30823','2013-11-10 11:20:15',2,'Russia/Buryatia/Amgalanta~2027783/'),(420,'Барун-Хасурта','355','30823','2013-11-10 11:20:15',2,'Russia/Buryatia/Barun-Khasurta/'),(421,'Верхние Тальцы','430','30823','2013-11-10 11:20:15',2,'Russia/Buryatia/Tal\'tsy/'),(422,'Додо-Гол','356','30823','2013-11-10 11:20:15',2,'Russia/Buryatia/Dodo-Gol~2024939/'),(423,'Черемхово','105','30617','2013-11-10 11:20:15',NULL,'Russia/Irkutsk/Tsjeremkhovo/'),(424,'Верхний Булай','360','30617','2013-11-10 11:20:15',2,'Russia/Irkutsk/Verkhniy_Bulay/'),(425,'Жмурово','361','30617','2013-11-10 11:20:15',2,'Russia/Irkutsk/Cheremkhovskiy_Rayon/'),(426,'Кирзавод','107','30617','2013-11-10 11:20:15',2,'Russia/Irkutsk/Kirzavod/'),(427,'Михайловка','223','34352','2013-11-10 11:20:15',1,'Russia/Irkutsk/Mikhaylovka/'),(428,'Бельск','221','34253','2013-11-10 11:20:15',2,'Russia/Irkutsk/Belsk/'),(429,'Зерновое','218','30614','2013-11-10 11:20:15',2,'Russia/Irkutsk/Cheremkhovskiy_Rayon/'),(430,'Лохово','216','30617','2013-11-10 11:20:15',2,'Russia/Irkutsk/Lokhovo/'),(431,'Малиновка','219','30617','2013-11-10 11:20:15',2,'Russia/Irkutsk/Malinovka~6903743/'),(432,'Нижняя иреть','220','28130','2013-11-10 11:20:15',2,'Russia/Irkutsk/Nizhnyaya_Iret’/'),(433,'Онот','455','34253','2013-11-10 11:20:16',2,'Russia/Irkutsk/Onot~2050620/'),(434,'Парфеново','222','34253','2013-11-10 11:20:16',2,'Russia/Irkutsk/Parfënovo/'),(435,'Узкий луг','126','34253','2013-11-10 11:20:16',2,'Russia/Irkutsk/Uzkiy_Lug/'),(436,'Рысево','106','30617','2013-11-10 11:20:16',2,'Russia/Irkutsk/Rysevo/'),(437,'Чита','424','30758','2013-11-10 11:20:16',2,'Russia/Transbaikal/Chita/'),(438,'Веселый','84','29594','2013-11-10 11:20:16',1,'Russia/Irkutsk/Vesëlyy~1487154/'),(439,'Лесогорск','85','29594','2013-11-10 11:20:16',2,'Russia/Irkutsk/Lesogorsk/'),(440,'Новочунка','87','29594','2013-11-10 11:20:16',2,'Russia/Irkutsk/Novotsjunka~1497131/'),(441,'Октябрьский','88','29594','2013-11-10 11:20:16',2,'Russia/Irkutsk/Oktyabr\'skiy~1496278/'),(442,'Парчум','170','29594','2013-11-10 11:20:16',2,'Russia/Irkutsk/Chunskiy_Rayon/'),(443,'Сосновка','168','30308','2013-11-10 11:20:16',2,'Russia/Irkutsk/Sosnovka~2055852/'),(444,'Чунский','86','29594','2013-11-10 11:20:16',2,'Russia/Irkutsk/Chunskiy/'),(445,'Шелехов','108','30711','2013-11-10 11:20:16',NULL,'Russia/Irkutsk/Shelekhov/'),(446,'Большая Глубокая','412','30810','2013-11-10 11:20:16',2,'Russia/Irkutsk/Bol’shaya_Glubokaya/'),(447,'Большой Луг','111','30711','2013-11-10 11:20:16',2,'Russia/Irkutsk/Bol’shoy_Lug~2026268/'),(448,'Подкаменная','400','30810','2013-11-10 11:20:16',2,'Russia/Irkutsk/Podkamennaja/'),(449,'Баклаши','109','30711','2013-11-10 11:20:16',2,'Russia/Irkutsk/Baklashi/'),(450,'Моты','152','30711','2013-11-10 11:20:16',2,'Russia/Irkutsk/Moty~2019750/'),(451,'Олха','110','30711','2013-11-10 11:20:16',2,'Russia/Irkutsk/Olkha/'),(452,'Смоленщина','112','30711','2013-11-10 11:20:16',2,'Russia/Irkutsk/Smolenshchina/'),(453,'Чистые Ключи','409','30711','2013-11-10 11:20:16',2,'Russia/Irkutsk/Chistyye_Klyuchi/'),(454,'Шаманка','150','30711','2013-11-10 11:20:16',2,'Russia/Irkutsk/Shamanka_Pyataya/'),(455,'Гаханы','379','30713','2013-11-10 11:20:17',2,'Russia/Irkutsk/Gakhany/'),(456,'Новониколаевск','464','30713','2013-11-10 11:20:17',2,'Russia/Irkutsk/Novonikolayevsk/'),(457,'Еловка','380','30713','2013-11-10 11:20:17',2,'Russia/Irkutsk/Yelovka~2012984/'),(458,'Бозой','378','30713','2013-11-10 11:20:17',2,'Russia/Irkutsk/Bozoy/'),(459,'Зады','456','30713','2013-11-10 11:20:17',2,'Russia/Irkutsk/Zady/'),(460,'Тугутуй','382','30713','2013-11-10 11:20:17',2,'Russia/Irkutsk/Tugutuy/'),(461,'Усть-Ордынский','121','30713','2013-11-10 11:20:17',NULL,'Russia/Irkutsk/Ust-Ordynskij/'),(462,'Ахины','463','28324','2013-11-10 11:20:17',2,'Russia/Irkutsk/Akhiny/'),(463,'Корсук','389','30713','2013-11-10 11:20:17',2,'Russia/Irkutsk/Korsuk/'),(464,'Олой','420','30713','2013-11-10 11:20:17',2,'Russia/Irkutsk/Oloj/'),(465,'Тыреть-2','196','28807','2013-11-24 04:10:20',2,'Russia/Irkutsk/Tyret’_Vtoraya/'),(467,'Калиновка','17','30925','2013-11-24 10:43:27',2,'Russia/Irkutsk/Kalinovka/'),(468,'Голуметь','217','30617','2013-11-29 09:19:32',2,'Russia/Irkutsk/Golumet\'/'),(469,'Большая речка','251','30813','2013-11-29 10:02:21',2,'Russia/Irkutsk/Bol\'shaya_Rechka/'),(470,'Татарский ключ','279','30823','2013-11-29 10:54:22',2,'Russia/Buryatia/Tatarskiy_Klyuch/'),(471,'Большая речка','304','30729','2013-11-29 11:13:47',2,'Russia/Buryatia/Bol\'shaya_Rechka/'),(472,'Баргузинский район','371','30636','2013-11-29 23:48:46',2,'Russia/Buryatia/Barguzinskiy_Rayon/'),(473,'Байкальский прибой','415','30729','2013-11-30 00:43:20',2,'Russia/Buryatia/Kabanskiy_Rayon/'),(474,'Иванов Мыс','446','29594','2013-11-30 08:15:47',2,'Russia/Irkutsk/Ivanov_Mys/'),(475,'Михайловка','459','30823','2013-11-30 09:23:23',2,'Russia/Buryatia/Mikhaylovka~2020003/'),(476,'Дорожник','467','30710','2013-11-30 09:30:26',2,'Russia/Irkutsk/Irkutskiy_Rayon/');
/*!40000 ALTER TABLE `sender_mailing` ENABLE KEYS */;
UNLOCK TABLES;

--
-- Table structure for table `sender_smstask`
--

DROP TABLE IF EXISTS `sender_smstask`;
/*!40101 SET @saved_cs_client     = @@character_set_client */;
/*!40101 SET character_set_client = utf8 */;
CREATE TABLE `sender_smstask` (
  `id` int(11) NOT NULL AUTO_INCREMENT,
  `mobnum` varchar(12) NOT NULL,
  `in_text` longtext,
  `out_text` longtext NOT NULL,
  `delivery_date` datetime NOT NULL,
  `sent_date` datetime DEFAULT NULL,
  `status` smallint(6) NOT NULL,
  `message_id` int(11) DEFAULT NULL,
  `error` longtext,
  PRIMARY KEY (`id`)
) ENGINE=InnoDB AUTO_INCREMENT=33 DEFAULT CHARSET=utf8;
/*!40101 SET character_set_client = @saved_cs_client */;

--
-- Dumping data for table `sender_smstask`
--

LOCK TABLES `sender_smstask` WRITE;
/*!40000 ALTER TABLE `sender_smstask` DISABLE KEYS */;
INSERT INTO `sender_smstask` VALUES (5,'79021702030','I','Иркутск: -2° C, ясно, восточный ветер 3.0 м/с','2013-11-11 22:28:38','2013-11-11 22:28:44',2,2559808,NULL),(6,'79021702030','L','Иркутск: -2° C, ясно, восточный ветер 3.0 м/с','2013-11-11 22:45:31','2013-11-11 22:45:37',2,2576863,NULL),(7,'79021702030','Ff','Иркутск: -2° C, ясно, восточный ветер 3.0 м/с','2013-11-11 22:50:12','2013-11-11 22:50:18',2,2582295,NULL),(8,'79021702030','J','Иркутск: -5° C, облачно, северо-западный ветер 2.0 м/с','2013-11-12 10:41:30','2013-11-12 10:41:36',2,3440120,NULL),(10,'79021702030','*818#','Иркутск: -2° C, облачно, западный ветер 7.0 м/с','2013-11-16 13:47:51',NULL,1,NULL,NULL),(11,'79021702030','*818#','Иркутск: -2° C, облачно, северо-западный ветер 6.0 м/с','2013-11-16 13:53:53',NULL,1,NULL,NULL),(12,'79021702030','*818#','Иркутск: -2° C, облачно, северо-западный ветер 6.0 м/с','2013-11-16 14:04:59',NULL,1,NULL,NULL),(13,'79021702030','Шер','Иркутск: -3° C, облачно, западный ветер 3.0 м/с','2013-11-16 16:56:15','2013-11-16 16:56:21',2,2405739,NULL),(14,'79025114117','плгек','Иркутск: -10° C, ясно, восточный ветер 3.0 м/с','2013-11-17 05:20:45','2013-11-17 05:21:45',-1,-1,NULL),(15,'79025114117','*818#','Иркутск: -10° C, ясно, восточный ветер 3.0 м/с','2013-11-17 05:22:51',NULL,1,NULL,NULL),(16,'79025114117','*818#','Иркутск: -1° C, ясно, восточный ветер 3.0 м/с','2013-11-17 15:07:27',NULL,1,NULL,NULL),(17,'79021702030','Кл','Иркутск: -4° C, ясно, восточный ветер 3.0 м/с','2013-11-18 03:16:16','2013-11-18 03:16:22',2,5120251,NULL),(18,'79025114117','тест','Иркутск: -2° C, ясно, юго-восточный ветер 5.0 м/с','2013-11-18 07:10:53','2013-11-18 07:10:59',2,5998061,NULL),(19,'79025114117','тест','Иркутск: -2° C, ясно, юго-восточный ветер 5.0 м/с','2013-11-18 07:20:40','2013-11-18 07:20:45',2,6041321,NULL),(20,'79021702030','Y','Иркутск: 0° C, ясно, юго-восточный ветер 4.0 м/с','2013-11-18 14:30:41','2013-11-18 14:30:48',2,6884057,NULL),(21,'79021702030','YJka','Иркутск: 0° C, ясно, юго-восточный ветер 4.0 м/с','2013-11-18 14:30:54','2013-11-18 14:31:03',2,6884371,NULL),(22,'79021702030','Й','Иркутск: 0° C, облачно, западный ветер 5.0 м/с','2013-11-21 15:13:34',NULL,1,NULL,NULL),(23,'79021702030','В','Иркутск: 0° C, облачно, западный ветер 5.0 м/с','2013-11-21 15:20:36','2013-11-21 15:20:45',2,74105,NULL),(24,'79500672985','*818#','Нас. пункт не определен. Отправьте смс с названием на 8181.','2013-11-21 16:03:58',NULL,1,NULL,NULL),(25,'79021702030','Йукхц','Иркутск: -7° C, ясно, восточный ветер 3.0 м/с','2013-11-22 03:37:50','2013-11-22 03:37:53',2,386450,NULL),(26,'79021702030','Ы','Иркутск: -16° C, облачно, северо-западный ветер 5.0 м/с','2013-11-26 03:13:48','2013-11-26 03:13:55',2,344166,NULL),(27,'79021702030','Т','Иркутск: -9° C, облачно, западный ветер 2.0 м/с','2013-11-29 01:16:06','2013-11-29 01:16:12',2,1996890,NULL),(28,'79021702030','6','Иркутск: -6° C, облачно, северо-западный ветер 3.0 м/с','2013-11-29 03:31:27','2013-11-29 03:31:30',2,2047606,NULL),(29,'79041321723','*818#','Нас. пункт не определен. Отправьте смс с названием на 8181.','2013-11-29 10:14:47',NULL,1,NULL,NULL),(30,'79021702030','Г','Иркутск: -9° C, ясно, восточный ветер 3.0 м/с','2013-12-02 03:10:14','2013-12-02 03:10:50',2,2359687,NULL),(31,'79021702030','Йу','Иркутск: 0° C, облачно, северо-западный ветер 7.0 м/с','2013-12-03 03:33:46','2013-12-03 03:33:49',2,3287576,NULL),(32,'79021702030','Р','Иркутск: -12° C, ясно, восточный ветер 2.0 м/с','2013-12-05 02:56:47','2013-12-05 02:57:23',2,5408956,NULL);
/*!40000 ALTER TABLE `sender_smstask` ENABLE KEYS */;
UNLOCK TABLES;

--
-- Table structure for table `sender_subscriber`
--

DROP TABLE IF EXISTS `sender_subscriber`;
/*!40101 SET @saved_cs_client     = @@character_set_client */;
/*!40101 SET character_set_client = utf8 */;
CREATE TABLE `sender_subscriber` (
  `id` int(11) NOT NULL AUTO_INCREMENT,
  `mobnum` varchar(12) NOT NULL,
  `mailing_id` int(11) NOT NULL,
  `status` smallint(6) NOT NULL,
  `create_date` datetime NOT NULL,
  PRIMARY KEY (`id`),
  KEY `sender_subscriber_5904ac78` (`mailing_id`),
  CONSTRAINT `mailing_id_refs_id_b4c05711` FOREIGN KEY (`mailing_id`) REFERENCES `sender_mailing` (`id`)
) ENGINE=InnoDB AUTO_INCREMENT=10 DEFAULT CHARSET=utf8;
/*!40101 SET character_set_client = @saved_cs_client */;

--
-- Dumping data for table `sender_subscriber`
--

LOCK TABLES `sender_subscriber` WRITE;
/*!40000 ALTER TABLE `sender_subscriber` DISABLE KEYS */;
INSERT INTO `sender_subscriber` VALUES (7,'79025114117',147,0,'2013-11-17 15:07:27'),(9,'79021702030',147,0,'2013-11-18 14:30:41');
/*!40000 ALTER TABLE `sender_subscriber` ENABLE KEYS */;
UNLOCK TABLES;
/*!40103 SET TIME_ZONE=@OLD_TIME_ZONE */;

/*!40101 SET SQL_MODE=@OLD_SQL_MODE */;
/*!40014 SET FOREIGN_KEY_CHECKS=@OLD_FOREIGN_KEY_CHECKS */;
/*!40014 SET UNIQUE_CHECKS=@OLD_UNIQUE_CHECKS */;
/*!40101 SET CHARACTER_SET_CLIENT=@OLD_CHARACTER_SET_CLIENT */;
/*!40101 SET CHARACTER_SET_RESULTS=@OLD_CHARACTER_SET_RESULTS */;
/*!40101 SET COLLATION_CONNECTION=@OLD_COLLATION_CONNECTION */;
/*!40111 SET SQL_NOTES=@OLD_SQL_NOTES */;

-- Dump completed on 2013-12-06 14:28:43
